Resolution,Quality,Subsampling,Iterations,Avg Encode Time (s),Encoder Setup Time (s),Encoder Cleanup Time (s),Avg Decode Time (s),Decoder Setup Time (s),Decoder Cleanup Time (s),Compressed Size (KB),PSNR,SSIM,Encode CMD,Decode CMD
1280x720,10,4:4:4,10,0.0004538,0.147284,0.004577,0.0017953,0.116148,0.018008,47.241,27.878917694091797,0.796885073184967,/home/simone/Documenti/video-compression-latency-benchmarks/3_benchmarks/src/nvjpeg/cmake-build-debug/nvjpeg_encode -w 1280 -h 720 -s 444 -q 10 -i 1 -o - ,/home/simone/Documenti/video-compression-latency-benchmarks/3_benchmarks/src/nvjpeg/cmake-build-debug/nvjpeg_decode -i 1 -o - 
1280x720,10,4:2:2,10,0.0003908,0.124846,0.003947,0.0014207,0.118122,0.014266,39.696,27.72766876220703,0.7958329319953918,/home/simone/Documenti/video-compression-latency-benchmarks/3_benchmarks/src/nvjpeg/cmake-build-debug/nvjpeg_encode -w 1280 -h 720 -s 422 -q 10 -i 1 -o - ,/home/simone/Documenti/video-compression-latency-benchmarks/3_benchmarks/src/nvjpeg/cmake-build-debug/nvjpeg_decode -i 1 -o - 
1280x720,10,4:2:0,10,0.0005586,0.117547,0.005622,0.0012139,0.118211,0.012196,36.314,27.585447311401367,0.795781135559082,/home/simone/Documenti/video-compression-latency-benchmarks/3_benchmarks/src/nvjpeg/cmake-build-debug/nvjpeg_encode -w 1280 -h 720 -s 420 -q 10 -i 1 -o - ,/home/simone/Documenti/video-compression-latency-benchmarks/3_benchmarks/src/nvjpeg/cmake-build-debug/nvjpeg_decode -i 1 -o - 
1280x720,20,4:4:4,10,0.0005093000000000001,0.115900,0.005128,0.0020219,0.112986,0.020273,67.02,30.552410125732422,0.867007315158844,/home/simone/Documenti/video-compression-latency-benchmarks/3_benchmarks/src/nvjpeg/cmake-build-debug/nvjpeg_encode -w 1280 -h 720 -s 444 -q 20 -i 1 -o - ,/home/simone/Documenti/video-compression-latency-benchmarks/3_benchmarks/src/nvjpeg/cmake-build-debug/nvjpeg_decode -i 1 -o - 
1280x720,20,4:2:2,10,0.0004546,0.116122,0.004583,0.0016239,0.110606,0.016297,58.633,30.216012954711914,0.8642927408218384,/home/simone/Documenti/video-compression-latency-benchmarks/3_benchmarks/src/nvjpeg/cmake-build-debug/nvjpeg_encode -w 1280 -h 720 -s 422 -q 20 -i 1 -o - ,/home/simone/Documenti/video-compression-latency-benchmarks/3_benchmarks/src/nvjpeg/cmake-build-debug/nvjpeg_decode -i 1 -o - 
1280x720,20,4:2:0,10,0.00039500000000000006,0.118051,0.003986,0.001413,0.121898,0.014187,54.92,29.978191375732422,0.8631139397621155,/home/simone/Documenti/video-compression-latency-benchmarks/3_benchmarks/src/nvjpeg/cmake-build-debug/nvjpeg_encode -w 1280 -h 720 -s 420 -q 20 -i 1 -o - ,/home/simone/Documenti/video-compression-latency-benchmarks/3_benchmarks/src/nvjpeg/cmake-build-debug/nvjpeg_decode -i 1 -o - 
1280x720,30,4:4:4,10,0.00042009999999999997,0.120167,0.004236,0.0021827,0.112616,0.021882,84.05,32.04111862182617,0.8988382816314697,/home/simone/Documenti/video-compression-latency-benchmarks/3_benchmarks/src/nvjpeg/cmake-build-debug/nvjpeg_encode -w 1280 -h 720 -s 444 -q 30 -i 1 -o - ,/home/simone/Documenti/video-compression-latency-benchmarks/3_benchmarks/src/nvjpeg/cmake-build-debug/nvjpeg_decode -i 1 -o - 
1280x720,30,4:2:2,10,0.00041660000000000004,0.118984,0.004200,0.0017725999999999998,0.113759,0.017782,74.402,31.641794204711914,0.8950605392456055,/home/simone/Documenti/video-compression-latency-benchmarks/3_benchmarks/src/nvjpeg/cmake-build-debug/nvjpeg_encode -w 1280 -h 720 -s 422 -q 30 -i 1 -o - ,/home/simone/Documenti/video-compression-latency-benchmarks/3_benchmarks/src/nvjpeg/cmake-build-debug/nvjpeg_decode -i 1 -o - 
1280x720,30,4:2:0,10,0.0004208,0.115001,0.004243,0.0015591000000000001,0.114914,0.015646,69.973,31.33677101135254,0.8923567533493042,/home/simone/Documenti/video-compression-latency-benchmarks/3_benchmarks/src/nvjpeg/cmake-build-debug/nvjpeg_encode -w 1280 -h 720 -s 420 -q 30 -i 1 -o - ,/home/simone/Documenti/video-compression-latency-benchmarks/3_benchmarks/src/nvjpeg/cmake-build-debug/nvjpeg_decode -i 1 -o - 
1280x720,40,4:4:4,10,0.0004261,0.126268,0.004296,0.0025618999999999998,0.126429,0.025678,98.92,32.935245513916016,0.915310800075531,/home/simone/Documenti/video-compression-latency-benchmarks/3_benchmarks/src/nvjpeg/cmake-build-debug/nvjpeg_encode -w 1280 -h 720 -s 444 -q 40 -i 1 -o - ,/home/simone/Documenti/video-compression-latency-benchmarks/3_benchmarks/src/nvjpeg/cmake-build-debug/nvjpeg_decode -i 1 -o - 
1280x720,40,4:2:2,10,0.0003968,0.123571,0.004003,0.0019012999999999999,0.116724,0.019069,87.759,32.43074035644531,0.9107607007026672,/home/simone/Documenti/video-compression-latency-benchmarks/3_benchmarks/src/nvjpeg/cmake-build-debug/nvjpeg_encode -w 1280 -h 720 -s 422 -q 40 -i 1 -o - ,/home/simone/Documenti/video-compression-latency-benchmarks/3_benchmarks/src/nvjpeg/cmake-build-debug/nvjpeg_decode -i 1 -o - 
1280x720,40,4:2:0,10,0.00040689999999999997,0.115953,0.004103,0.0016717,0.111874,0.016774,82.585,32.0659294128418,0.9075841307640076,/home/simone/Documenti/video-compression-latency-benchmarks/3_benchmarks/src/nvjpeg/cmake-build-debug/nvjpeg_encode -w 1280 -h 720 -s 420 -q 40 -i 1 -o - ,/home/simone/Documenti/video-compression-latency-benchmarks/3_benchmarks/src/nvjpeg/cmake-build-debug/nvjpeg_decode -i 1 -o - 
1280x720,50,4:4:4,10,0.0006765,0.118177,0.006803,0.0024857,0.120227,0.024913,113.515,33.54976272583008,0.9269149303436279,/home/simone/Documenti/video-compression-latency-benchmarks/3_benchmarks/src/nvjpeg/cmake-build-debug/nvjpeg_encode -w 1280 -h 720 -s 444 -q 50 -i 1 -o - ,/home/simone/Documenti/video-compression-latency-benchmarks/3_benchmarks/src/nvjpeg/cmake-build-debug/nvjpeg_decode -i 1 -o - 
1280x720,50,4:2:2,10,0.0004012,0.119174,0.004047,0.0020247999999999998,0.131292,0.020305,100.696,32.953914642333984,0.9218321442604065,/home/simone/Documenti/video-compression-latency-benchmarks/3_benchmarks/src/nvjpeg/cmake-build-debug/nvjpeg_encode -w 1280 -h 720 -s 422 -q 50 -i 1 -o - ,/home/simone/Documenti/video-compression-latency-benchmarks/3_benchmarks/src/nvjpeg/cmake-build-debug/nvjpeg_decode -i 1 -o - 
1280x720,50,4:2:0,10,0.0005108,0.119991,0.005145,0.0017713,0.117091,0.017769,94.69,32.518943786621094,0.9179117679595947,/home/simone/Documenti/video-compression-latency-benchmarks/3_benchmarks/src/nvjpeg/cmake-build-debug/nvjpeg_encode -w 1280 -h 720 -s 420 -q 50 -i 1 -o - ,/home/simone/Documenti/video-compression-latency-benchmarks/3_benchmarks/src/nvjpeg/cmake-build-debug/nvjpeg_decode -i 1 -o - 
1280x720,60,4:4:4,10,0.00043559999999999996,0.124526,0.004390,0.0026598,0.117921,0.026654,129.761,34.32170486450195,0.9363905787467957,/home/simone/Documenti/video-compression-latency-benchmarks/3_benchmarks/src/nvjpeg/cmake-build-debug/nvjpeg_encode -w 1280 -h 720 -s 444 -q 60 -i 1 -o - ,/home/simone/Documenti/video-compression-latency-benchmarks/3_benchmarks/src/nvjpeg/cmake-build-debug/nvjpeg_decode -i 1 -o - 
1280x720,60,4:2:2,10,0.000424,0.118427,0.004275,0.0021107,0.113342,0.021163,114.8,33.645057678222656,0.9309199452400208,/home/simone/Documenti/video-compression-latency-benchmarks/3_benchmarks/src/nvjpeg/cmake-build-debug/nvjpeg_encode -w 1280 -h 720 -s 422 -q 60 -i 1 -o - ,/home/simone/Documenti/video-compression-latency-benchmarks/3_benchmarks/src/nvjpeg/cmake-build-debug/nvjpeg_decode -i 1 -o - 
1280x720,60,4:2:0,10,0.0004123,0.120322,0.004164,0.0018566,0.119715,0.018624,107.829,33.181209564208984,0.9265866875648499,/home/simone/Documenti/video-compression-latency-benchmarks/3_benchmarks/src/nvjpeg/cmake-build-debug/nvjpeg_encode -w 1280 -h 720 -s 420 -q 60 -i 1 -o - ,/home/simone/Documenti/video-compression-latency-benchmarks/3_benchmarks/src/nvjpeg/cmake-build-debug/nvjpeg_decode -i 1 -o - 
1280x720,70,4:4:4,10,0.0005577000000000001,0.125889,0.005613,0.0033954,0.118765,0.034012,154.635,35.131004333496094,0.9471263885498047,/home/simone/Documenti/video-compression-latency-benchmarks/3_benchmarks/src/nvjpeg/cmake-build-debug/nvjpeg_encode -w 1280 -h 720 -s 444 -q 70 -i 1 -o - ,/home/simone/Documenti/video-compression-latency-benchmarks/3_benchmarks/src/nvjpeg/cmake-build-debug/nvjpeg_decode -i 1 -o - 
1280x720,70,4:2:2,10,0.0005107,0.118201,0.005142,0.0023168,0.116618,0.023225,136.597,34.315128326416016,0.9411450028419495,/home/simone/Documenti/video-compression-latency-benchmarks/3_benchmarks/src/nvjpeg/cmake-build-debug/nvjpeg_encode -w 1280 -h 720 -s 422 -q 70 -i 1 -o - ,/home/simone/Documenti/video-compression-latency-benchmarks/3_benchmarks/src/nvjpeg/cmake-build-debug/nvjpeg_decode -i 1 -o - 
1280x720,70,4:2:0,10,0.0004129,0.111566,0.004165,0.0020342,0.117447,0.020410,127.818,33.783843994140625,0.9364408850669861,/home/simone/Documenti/video-compression-latency-benchmarks/3_benchmarks/src/nvjpeg/cmake-build-debug/nvjpeg_encode -w 1280 -h 720 -s 420 -q 70 -i 1 -o - ,/home/simone/Documenti/video-compression-latency-benchmarks/3_benchmarks/src/nvjpeg/cmake-build-debug/nvjpeg_decode -i 1 -o - 
1280x720,80,4:4:4,10,0.0004744,0.118443,0.004779,0.003143,0.113073,0.031486,196.207,36.340763092041016,0.9587205648422241,/home/simone/Documenti/video-compression-latency-benchmarks/3_benchmarks/src/nvjpeg/cmake-build-debug/nvjpeg_encode -w 1280 -h 720 -s 444 -q 80 -i 1 -o - ,/home/simone/Documenti/video-compression-latency-benchmarks/3_benchmarks/src/nvjpeg/cmake-build-debug/nvjpeg_decode -i 1 -o - 
1280x720,80,4:2:2,10,0.0004206,0.125368,0.004243,0.0029343,0.114692,0.029400,171.858,35.32636260986328,0.9522786140441895,/home/simone/Documenti/video-compression-latency-benchmarks/3_benchmarks/src/nvjpeg/cmake-build-debug/nvjpeg_encode -w 1280 -h 720 -s 422 -q 80 -i 1 -o - ,/home/simone/Documenti/video-compression-latency-benchmarks/3_benchmarks/src/nvjpeg/cmake-build-debug/nvjpeg_decode -i 1 -o - 
1280x720,80,4:2:0,10,0.0004914,0.120362,0.004949,0.0022567,0.118457,0.022624,159.676,34.67273712158203,0.9470316171646118,/home/simone/Documenti/video-compression-latency-benchmarks/3_benchmarks/src/nvjpeg/cmake-build-debug/nvjpeg_encode -w 1280 -h 720 -s 420 -q 80 -i 1 -o - ,/home/simone/Documenti/video-compression-latency-benchmarks/3_benchmarks/src/nvjpeg/cmake-build-debug/nvjpeg_decode -i 1 -o - 
1280x720,90,4:4:4,10,0.0004978,0.116704,0.005014,0.0038379000000000004,0.113370,0.038436,296.022,38.27346420288086,0.9727174639701843,/home/simone/Documenti/video-compression-latency-benchmarks/3_benchmarks/src/nvjpeg/cmake-build-debug/nvjpeg_encode -w 1280 -h 720 -s 444 -q 90 -i 1 -o - ,/home/simone/Documenti/video-compression-latency-benchmarks/3_benchmarks/src/nvjpeg/cmake-build-debug/nvjpeg_decode -i 1 -o - 
1280x720,90,4:2:2,10,0.0004438,0.120447,0.004476,0.0031371000000000003,0.115043,0.031427,255.038,36.83213424682617,0.9662014245986938,/home/simone/Documenti/video-compression-latency-benchmarks/3_benchmarks/src/nvjpeg/cmake-build-debug/nvjpeg_encode -w 1280 -h 720 -s 422 -q 90 -i 1 -o - ,/home/simone/Documenti/video-compression-latency-benchmarks/3_benchmarks/src/nvjpeg/cmake-build-debug/nvjpeg_decode -i 1 -o - 
1280x720,90,4:2:0,10,0.0005420000000000001,0.119519,0.005458,0.0027367,0.116756,0.027423,233.879,35.9543571472168,0.9606466293334961,/home/simone/Documenti/video-compression-latency-benchmarks/3_benchmarks/src/nvjpeg/cmake-build-debug/nvjpeg_encode -w 1280 -h 720 -s 420 -q 90 -i 1 -o - ,/home/simone/Documenti/video-compression-latency-benchmarks/3_benchmarks/src/nvjpeg/cmake-build-debug/nvjpeg_decode -i 1 -o - 
1280x720,100,4:4:4,10,0.0023898,0.119376,0.023939,0.010488899999999999,0.115117,0.104949,1206.549,43.76818084716797,0.9963878989219666,/home/simone/Documenti/video-compression-latency-benchmarks/3_benchmarks/src/nvjpeg/cmake-build-debug/nvjpeg_encode -w 1280 -h 720 -s 444 -q 100 -i 1 -o - ,/home/simone/Documenti/video-compression-latency-benchmarks/3_benchmarks/src/nvjpeg/cmake-build-debug/nvjpeg_decode -i 1 -o - 
1280x720,100,4:2:2,10,0.0006718,0.117792,0.006758,0.0081354,0.117133,0.081417,882.47,40.231201171875,0.9907064437866211,/home/simone/Documenti/video-compression-latency-benchmarks/3_benchmarks/src/nvjpeg/cmake-build-debug/nvjpeg_encode -w 1280 -h 720 -s 422 -q 100 -i 1 -o - ,/home/simone/Documenti/video-compression-latency-benchmarks/3_benchmarks/src/nvjpeg/cmake-build-debug/nvjpeg_decode -i 1 -o - 
1280x720,100,4:2:0,10,0.0005634,0.123409,0.005672,0.0059688,0.115925,0.059743,712.212,38.672035217285156,0.9855812788009644,/home/simone/Documenti/video-compression-latency-benchmarks/3_benchmarks/src/nvjpeg/cmake-build-debug/nvjpeg_encode -w 1280 -h 720 -s 420 -q 100 -i 1 -o - ,/home/simone/Documenti/video-compression-latency-benchmarks/3_benchmarks/src/nvjpeg/cmake-build-debug/nvjpeg_decode -i 1 -o - 
1920x1080,10,4:4:4,10,0.0008423999999999999,0.128182,0.008461,0.0038427999999999995,0.117154,0.038485,96.525,28.913034439086914,0.8121531009674072,/home/simone/Documenti/video-compression-latency-benchmarks/3_benchmarks/src/nvjpeg/cmake-build-debug/nvjpeg_encode -w 1920 -h 1080 -s 444 -q 10 -i 1 -o - ,/home/simone/Documenti/video-compression-latency-benchmarks/3_benchmarks/src/nvjpeg/cmake-build-debug/nvjpeg_decode -i 1 -o - 
1920x1080,10,4:2:2,10,0.0008059,0.116744,0.008095,0.0029564,0.111641,0.029620,79.659,28.73509407043457,0.8114479184150696,/home/simone/Documenti/video-compression-latency-benchmarks/3_benchmarks/src/nvjpeg/cmake-build-debug/nvjpeg_encode -w 1920 -h 1080 -s 422 -q 10 -i 1 -o - ,/home/simone/Documenti/video-compression-latency-benchmarks/3_benchmarks/src/nvjpeg/cmake-build-debug/nvjpeg_decode -i 1 -o - 
1920x1080,10,4:2:0,10,0.0007542,0.121799,0.007578,0.0025705,0.116741,0.025763,73.107,28.294464111328125,0.8075153827667236,/home/simone/Documenti/video-compression-latency-benchmarks/3_benchmarks/src/nvjpeg/cmake-build-debug/nvjpeg_encode -w 1920 -h 1080 -s 420 -q 10 -i 1 -o - ,/home/simone/Documenti/video-compression-latency-benchmarks/3_benchmarks/src/nvjpeg/cmake-build-debug/nvjpeg_decode -i 1 -o - 
1920x1080,20,4:4:4,10,0.0009297,0.118573,0.009331,0.0042349,0.115620,0.042406,133.565,31.804197311401367,0.8769693970680237,/home/simone/Documenti/video-compression-latency-benchmarks/3_benchmarks/src/nvjpeg/cmake-build-debug/nvjpeg_encode -w 1920 -h 1080 -s 444 -q 20 -i 1 -o - ,/home/simone/Documenti/video-compression-latency-benchmarks/3_benchmarks/src/nvjpeg/cmake-build-debug/nvjpeg_decode -i 1 -o - 
1920x1080,20,4:2:2,10,0.0008912,0.117708,0.008948,0.0034557,0.116629,0.034614,114.714,31.405221939086914,0.8748390674591064,/home/simone/Documenti/video-compression-latency-benchmarks/3_benchmarks/src/nvjpeg/cmake-build-debug/nvjpeg_encode -w 1920 -h 1080 -s 422 -q 20 -i 1 -o - ,/home/simone/Documenti/video-compression-latency-benchmarks/3_benchmarks/src/nvjpeg/cmake-build-debug/nvjpeg_decode -i 1 -o - 
1920x1080,20,4:2:0,10,0.0007842,0.121266,0.007877,0.0028899,0.120176,0.028956,107.478,30.735980987548828,0.8723587393760681,/home/simone/Documenti/video-compression-latency-benchmarks/3_benchmarks/src/nvjpeg/cmake-build-debug/nvjpeg_encode -w 1920 -h 1080 -s 420 -q 20 -i 1 -o - ,/home/simone/Documenti/video-compression-latency-benchmarks/3_benchmarks/src/nvjpeg/cmake-build-debug/nvjpeg_decode -i 1 -o - 
1920x1080,30,4:4:4,10,0.0008655,0.129270,0.008691,0.0046235,0.128999,0.046292,166.383,33.3928108215332,0.9067081212997437,/home/simone/Documenti/video-compression-latency-benchmarks/3_benchmarks/src/nvjpeg/cmake-build-debug/nvjpeg_encode -w 1920 -h 1080 -s 444 -q 30 -i 1 -o - ,/home/simone/Documenti/video-compression-latency-benchmarks/3_benchmarks/src/nvjpeg/cmake-build-debug/nvjpeg_decode -i 1 -o - 
1920x1080,30,4:2:2,10,0.0008016000000000001,0.118521,0.008052,0.0041474,0.111588,0.041537,144.635,32.87810516357422,0.9028555750846863,/home/simone/Documenti/video-compression-latency-benchmarks/3_benchmarks/src/nvjpeg/cmake-build-debug/nvjpeg_encode -w 1920 -h 1080 -s 422 -q 30 -i 1 -o - ,/home/simone/Documenti/video-compression-latency-benchmarks/3_benchmarks/src/nvjpeg/cmake-build-debug/nvjpeg_decode -i 1 -o - 
1920x1080,30,4:2:0,10,0.0008356,0.116692,0.008392,0.0031662,0.113945,0.031718,136.912,32.268104553222656,0.8982292413711548,/home/simone/Documenti/video-compression-latency-benchmarks/3_benchmarks/src/nvjpeg/cmake-build-debug/nvjpeg_encode -w 1920 -h 1080 -s 420 -q 30 -i 1 -o - ,/home/simone/Documenti/video-compression-latency-benchmarks/3_benchmarks/src/nvjpeg/cmake-build-debug/nvjpeg_decode -i 1 -o - 
1920x1080,40,4:4:4,10,0.0008721,0.118898,0.008757,0.0049804,0.113697,0.049861,195.371,34.28436279296875,0.9215853810310364,/home/simone/Documenti/video-compression-latency-benchmarks/3_benchmarks/src/nvjpeg/cmake-build-debug/nvjpeg_encode -w 1920 -h 1080 -s 444 -q 40 -i 1 -o - ,/home/simone/Documenti/video-compression-latency-benchmarks/3_benchmarks/src/nvjpeg/cmake-build-debug/nvjpeg_decode -i 1 -o - 
1920x1080,40,4:2:2,10,0.0008304,0.120638,0.008339,0.003898,0.115464,0.039039,170.37,33.66057586669922,0.9171451330184937,/home/simone/Documenti/video-compression-latency-benchmarks/3_benchmarks/src/nvjpeg/cmake-build-debug/nvjpeg_encode -w 1920 -h 1080 -s 422 -q 40 -i 1 -o - ,/home/simone/Documenti/video-compression-latency-benchmarks/3_benchmarks/src/nvjpeg/cmake-build-debug/nvjpeg_decode -i 1 -o - 
1920x1080,40,4:2:0,10,0.000789,0.116750,0.007924,0.0034255,0.114209,0.034311,161.242,33.15230178833008,0.9130803346633911,/home/simone/Documenti/video-compression-latency-benchmarks/3_benchmarks/src/nvjpeg/cmake-build-debug/nvjpeg_encode -w 1920 -h 1080 -s 420 -q 40 -i 1 -o - ,/home/simone/Documenti/video-compression-latency-benchmarks/3_benchmarks/src/nvjpeg/cmake-build-debug/nvjpeg_decode -i 1 -o - 
1920x1080,50,4:4:4,10,0.0009048999999999999,0.120009,0.009085,0.0052337,0.117227,0.052394,224.099,34.880855560302734,0.9322458505630493,/home/simone/Documenti/video-compression-latency-benchmarks/3_benchmarks/src/nvjpeg/cmake-build-debug/nvjpeg_encode -w 1920 -h 1080 -s 444 -q 50 -i 1 -o - ,/home/simone/Documenti/video-compression-latency-benchmarks/3_benchmarks/src/nvjpeg/cmake-build-debug/nvjpeg_decode -i 1 -o - 
1920x1080,50,4:2:2,10,0.0008588000000000001,0.120933,0.008622,0.0041383,0.121441,0.041440,195.542,34.13411331176758,0.927212119102478,/home/simone/Documenti/video-compression-latency-benchmarks/3_benchmarks/src/nvjpeg/cmake-build-debug/nvjpeg_encode -w 1920 -h 1080 -s 422 -q 50 -i 1 -o - ,/home/simone/Documenti/video-compression-latency-benchmarks/3_benchmarks/src/nvjpeg/cmake-build-debug/nvjpeg_decode -i 1 -o - 
1920x1080,50,4:2:0,10,0.0007951,0.119414,0.007990,0.0036037,0.114161,0.036097,184.704,33.62904739379883,0.923139214515686,/home/simone/Documenti/video-compression-latency-benchmarks/3_benchmarks/src/nvjpeg/cmake-build-debug/nvjpeg_encode -w 1920 -h 1080 -s 420 -q 50 -i 1 -o - ,/home/simone/Documenti/video-compression-latency-benchmarks/3_benchmarks/src/nvjpeg/cmake-build-debug/nvjpeg_decode -i 1 -o - 
1920x1080,60,4:4:4,10,0.0009913,0.121616,0.009949,0.0055978,0.116481,0.056037,256.052,35.63686752319336,0.9406920671463013,/home/simone/Documenti/video-compression-latency-benchmarks/3_benchmarks/src/nvjpeg/cmake-build-debug/nvjpeg_encode -w 1920 -h 1080 -s 444 -q 60 -i 1 -o - ,/home/simone/Documenti/video-compression-latency-benchmarks/3_benchmarks/src/nvjpeg/cmake-build-debug/nvjpeg_decode -i 1 -o - 
1920x1080,60,4:2:2,10,0.0008220999999999999,0.126366,0.008256,0.004455499999999999,0.114214,0.044613,223.212,34.78831481933594,0.9350123405456543,/home/simone/Documenti/video-compression-latency-benchmarks/3_benchmarks/src/nvjpeg/cmake-build-debug/nvjpeg_encode -w 1920 -h 1080 -s 422 -q 60 -i 1 -o - ,/home/simone/Documenti/video-compression-latency-benchmarks/3_benchmarks/src/nvjpeg/cmake-build-debug/nvjpeg_decode -i 1 -o - 
1920x1080,60,4:2:0,10,0.0010661,0.117283,0.010696,0.0038596,0.117885,0.038658,210.189,34.2059440612793,0.9304450750350952,/home/simone/Documenti/video-compression-latency-benchmarks/3_benchmarks/src/nvjpeg/cmake-build-debug/nvjpeg_encode -w 1920 -h 1080 -s 420 -q 60 -i 1 -o - ,/home/simone/Documenti/video-compression-latency-benchmarks/3_benchmarks/src/nvjpeg/cmake-build-debug/nvjpeg_decode -i 1 -o - 
1920x1080,70,4:4:4,10,0.0009027999999999999,0.120684,0.009065,0.005887,0.119693,0.058926,305.259,36.332733154296875,0.9500963687896729,/home/simone/Documenti/video-compression-latency-benchmarks/3_benchmarks/src/nvjpeg/cmake-build-debug/nvjpeg_encode -w 1920 -h 1080 -s 444 -q 70 -i 1 -o - ,/home/simone/Documenti/video-compression-latency-benchmarks/3_benchmarks/src/nvjpeg/cmake-build-debug/nvjpeg_decode -i 1 -o - 
1920x1080,70,4:2:2,10,0.0009178999999999999,0.128212,0.009217,0.004721,0.127308,0.047269,265.744,35.34676742553711,0.9439906477928162,/home/simone/Documenti/video-compression-latency-benchmarks/3_benchmarks/src/nvjpeg/cmake-build-debug/nvjpeg_encode -w 1920 -h 1080 -s 422 -q 70 -i 1 -o - ,/home/simone/Documenti/video-compression-latency-benchmarks/3_benchmarks/src/nvjpeg/cmake-build-debug/nvjpeg_decode -i 1 -o - 
1920x1080,70,4:2:0,10,0.0008142999999999999,0.122398,0.008181,0.0041756,0.127568,0.041814,249.489,34.693084716796875,0.9385803937911987,/home/simone/Documenti/video-compression-latency-benchmarks/3_benchmarks/src/nvjpeg/cmake-build-debug/nvjpeg_encode -w 1920 -h 1080 -s 420 -q 70 -i 1 -o - ,/home/simone/Documenti/video-compression-latency-benchmarks/3_benchmarks/src/nvjpeg/cmake-build-debug/nvjpeg_decode -i 1 -o - 
1920x1080,80,4:4:4,10,0.0009232000000000001,0.120466,0.009268,0.006884800000000001,0.116178,0.068905,389.081,37.42089080810547,0.9602612853050232,/home/simone/Documenti/video-compression-latency-benchmarks/3_benchmarks/src/nvjpeg/cmake-build-debug/nvjpeg_encode -w 1920 -h 1080 -s 444 -q 80 -i 1 -o - ,/home/simone/Documenti/video-compression-latency-benchmarks/3_benchmarks/src/nvjpeg/cmake-build-debug/nvjpeg_decode -i 1 -o - 
1920x1080,80,4:2:2,10,0.0008486,0.119028,0.008524,0.006261,0.114016,0.062676,335.303,36.23103332519531,0.953720211982727,/home/simone/Documenti/video-compression-latency-benchmarks/3_benchmarks/src/nvjpeg/cmake-build-debug/nvjpeg_encode -w 1920 -h 1080 -s 422 -q 80 -i 1 -o - ,/home/simone/Documenti/video-compression-latency-benchmarks/3_benchmarks/src/nvjpeg/cmake-build-debug/nvjpeg_decode -i 1 -o - 
1920x1080,80,4:2:0,10,0.000882,0.124502,0.008856,0.0054228,0.118909,0.054299,311.96,35.463619232177734,0.948020875453949,/home/simone/Documenti/video-compression-latency-benchmarks/3_benchmarks/src/nvjpeg/cmake-build-debug/nvjpeg_encode -w 1920 -h 1080 -s 420 -q 80 -i 1 -o - ,/home/simone/Documenti/video-compression-latency-benchmarks/3_benchmarks/src/nvjpeg/cmake-build-debug/nvjpeg_decode -i 1 -o - 
1920x1080,90,4:4:4,10,0.0010812,0.123366,0.010848,0.0083265,0.119971,0.083325,595.112,39.06290054321289,0.9725683927536011,/home/simone/Documenti/video-compression-latency-benchmarks/3_benchmarks/src/nvjpeg/cmake-build-debug/nvjpeg_encode -w 1920 -h 1080 -s 444 -q 90 -i 1 -o - ,/home/simone/Documenti/video-compression-latency-benchmarks/3_benchmarks/src/nvjpeg/cmake-build-debug/nvjpeg_decode -i 1 -o - 
1920x1080,90,4:2:2,10,0.0008935999999999999,0.121116,0.008972,0.007047,0.117650,0.070533,504.526,37.48659896850586,0.9656144380569458,/home/simone/Documenti/video-compression-latency-benchmarks/3_benchmarks/src/nvjpeg/cmake-build-debug/nvjpeg_encode -w 1920 -h 1080 -s 422 -q 90 -i 1 -o - ,/home/simone/Documenti/video-compression-latency-benchmarks/3_benchmarks/src/nvjpeg/cmake-build-debug/nvjpeg_decode -i 1 -o - 
1920x1080,90,4:2:0,10,0.0009283,0.124930,0.009320,0.0059204,0.118098,0.059265,461.471,36.519203186035156,0.9595484137535095,/home/simone/Documenti/video-compression-latency-benchmarks/3_benchmarks/src/nvjpeg/cmake-build-debug/nvjpeg_encode -w 1920 -h 1080 -s 420 -q 90 -i 1 -o - ,/home/simone/Documenti/video-compression-latency-benchmarks/3_benchmarks/src/nvjpeg/cmake-build-debug/nvjpeg_decode -i 1 -o - 
1920x1080,100,4:4:4,10,0.0015137,0.119938,0.015177,0.0227593,0.123100,0.227662,2542.998,43.77186965942383,0.9957236647605896,/home/simone/Documenti/video-compression-latency-benchmarks/3_benchmarks/src/nvjpeg/cmake-build-debug/nvjpeg_encode -w 1920 -h 1080 -s 444 -q 100 -i 1 -o - ,/home/simone/Documenti/video-compression-latency-benchmarks/3_benchmarks/src/nvjpeg/cmake-build-debug/nvjpeg_decode -i 1 -o - 
1920x1080,100,4:2:2,10,0.0012501,0.122021,0.012540,0.0157453,0.114006,0.157510,1838.004,40.49299240112305,0.9894306063652039,/home/simone/Documenti/video-compression-latency-benchmarks/3_benchmarks/src/nvjpeg/cmake-build-debug/nvjpeg_encode -w 1920 -h 1080 -s 422 -q 100 -i 1 -o - ,/home/simone/Documenti/video-compression-latency-benchmarks/3_benchmarks/src/nvjpeg/cmake-build-debug/nvjpeg_decode -i 1 -o - 
1920x1080,100,4:2:0,10,0.0011106,0.122909,0.011144,0.0127391,0.113208,0.127447,1486.483,39.04572677612305,0.984305739402771,/home/simone/Documenti/video-compression-latency-benchmarks/3_benchmarks/src/nvjpeg/cmake-build-debug/nvjpeg_encode -w 1920 -h 1080 -s 420 -q 100 -i 1 -o - ,/home/simone/Documenti/video-compression-latency-benchmarks/3_benchmarks/src/nvjpeg/cmake-build-debug/nvjpeg_decode -i 1 -o - 
3840x2160,10,4:4:4,10,0.0033177,0.142354,0.033215,0.023295,0.123387,0.233019,324.404,30.563417434692383,0.838227391242981,/home/simone/Documenti/video-compression-latency-benchmarks/3_benchmarks/src/nvjpeg/cmake-build-debug/nvjpeg_encode -w 3840 -h 2160 -s 444 -q 10 -i 1 -o - ,/home/simone/Documenti/video-compression-latency-benchmarks/3_benchmarks/src/nvjpeg/cmake-build-debug/nvjpeg_decode -i 1 -o - 
3840x2160,10,4:2:2,10,0.0032869,0.128557,0.032905,0.0114112,0.124757,0.114171,256.934,30.32773780822754,0.8389587998390198,/home/simone/Documenti/video-compression-latency-benchmarks/3_benchmarks/src/nvjpeg/cmake-build-debug/nvjpeg_encode -w 3840 -h 2160 -s 422 -q 10 -i 1 -o - ,/home/simone/Documenti/video-compression-latency-benchmarks/3_benchmarks/src/nvjpeg/cmake-build-debug/nvjpeg_decode -i 1 -o - 
3840x2160,10,4:2:0,10,0.0029116,0.142563,0.029155,0.009328699999999999,0.137043,0.093346,226.644,30.152753829956055,0.8404186964035034,/home/simone/Documenti/video-compression-latency-benchmarks/3_benchmarks/src/nvjpeg/cmake-build-debug/nvjpeg_encode -w 3840 -h 2160 -s 420 -q 10 -i 1 -o - ,/home/simone/Documenti/video-compression-latency-benchmarks/3_benchmarks/src/nvjpeg/cmake-build-debug/nvjpeg_decode -i 1 -o - 
3840x2160,20,4:4:4,10,0.0037665,0.145500,0.037704,0.025056299999999997,0.138185,0.250630,421.93,33.872684478759766,0.8931360840797424,/home/simone/Documenti/video-compression-latency-benchmarks/3_benchmarks/src/nvjpeg/cmake-build-debug/nvjpeg_encode -w 3840 -h 2160 -s 444 -q 20 -i 1 -o - ,/home/simone/Documenti/video-compression-latency-benchmarks/3_benchmarks/src/nvjpeg/cmake-build-debug/nvjpeg_decode -i 1 -o - 
3840x2160,20,4:2:2,10,0.0030897999999999998,0.134236,0.030936,0.012603800000000002,0.128106,0.126102,347.354,33.29357147216797,0.8912526965141296,/home/simone/Documenti/video-compression-latency-benchmarks/3_benchmarks/src/nvjpeg/cmake-build-debug/nvjpeg_encode -w 3840 -h 2160 -s 422 -q 20 -i 1 -o - ,/home/simone/Documenti/video-compression-latency-benchmarks/3_benchmarks/src/nvjpeg/cmake-build-debug/nvjpeg_decode -i 1 -o - 
3840x2160,20,4:2:0,10,0.0051278,0.157434,0.051320,0.0104656,0.149188,0.104714,313.79,32.91244888305664,0.8915087580680847,/home/simone/Documenti/video-compression-latency-benchmarks/3_benchmarks/src/nvjpeg/cmake-build-debug/nvjpeg_encode -w 3840 -h 2160 -s 420 -q 20 -i 1 -o - ,/home/simone/Documenti/video-compression-latency-benchmarks/3_benchmarks/src/nvjpeg/cmake-build-debug/nvjpeg_decode -i 1 -o - 
3840x2160,30,4:4:4,10,0.0033984,0.132792,0.034022,0.026337899999999997,0.122014,0.263445,518.477,35.681060791015625,0.9199288487434387,/home/simone/Documenti/video-compression-latency-benchmarks/3_benchmarks/src/nvjpeg/cmake-build-debug/nvjpeg_encode -w 3840 -h 2160 -s 444 -q 30 -i 1 -o - ,/home/simone/Documenti/video-compression-latency-benchmarks/3_benchmarks/src/nvjpeg/cmake-build-debug/nvjpeg_decode -i 1 -o - 
3840x2160,30,4:2:2,10,0.0030826,0.133671,0.030862,0.0137044,0.123496,0.137104,433.559,34.9277458190918,0.9158108830451965,/home/simone/Documenti/video-compression-latency-benchmarks/3_benchmarks/src/nvjpeg/cmake-build-debug/nvjpeg_encode -w 3840 -h 2160 -s 422 -q 30 -i 1 -o - ,/home/simone/Documenti/video-compression-latency-benchmarks/3_benchmarks/src/nvjpeg/cmake-build-debug/nvjpeg_decode -i 1 -o - 
3840x2160,30,4:2:0,10,0.0029283,0.133669,0.029321,0.0115245,0.134689,0.115305,394.602,34.43211364746094,0.913888156414032,/home/simone/Documenti/video-compression-latency-benchmarks/3_benchmarks/src/nvjpeg/cmake-build-debug/nvjpeg_encode -w 3840 -h 2160 -s 420 -q 30 -i 1 -o - ,/home/simone/Documenti/video-compression-latency-benchmarks/3_benchmarks/src/nvjpeg/cmake-build-debug/nvjpeg_decode -i 1 -o - 
3840x2160,40,4:4:4,10,0.0034668999999999998,0.133577,0.034707,0.027377600000000002,0.120138,0.273844,604.372,36.62255096435547,0.9331364631652832,/home/simone/Documenti/video-compression-latency-benchmarks/3_benchmarks/src/nvjpeg/cmake-build-debug/nvjpeg_encode -w 3840 -h 2160 -s 444 -q 40 -i 1 -o - ,/home/simone/Documenti/video-compression-latency-benchmarks/3_benchmarks/src/nvjpeg/cmake-build-debug/nvjpeg_decode -i 1 -o - 
3840x2160,40,4:2:2,10,0.0031225,0.131558,0.031266,0.0144069,0.120936,0.144140,509.21,35.71908187866211,0.9281119108200073,/home/simone/Documenti/video-compression-latency-benchmarks/3_benchmarks/src/nvjpeg/cmake-build-debug/nvjpeg_encode -w 3840 -h 2160 -s 422 -q 40 -i 1 -o - ,/home/simone/Documenti/video-compression-latency-benchmarks/3_benchmarks/src/nvjpeg/cmake-build-debug/nvjpeg_decode -i 1 -o - 
3840x2160,40,4:2:0,10,0.0029537,0.129849,0.029575,0.011875,0.117876,0.118808,464.409,35.11579132080078,0.9250890612602234,/home/simone/Documenti/video-compression-latency-benchmarks/3_benchmarks/src/nvjpeg/cmake-build-debug/nvjpeg_encode -w 3840 -h 2160 -s 420 -q 40 -i 1 -o - ,/home/simone/Documenti/video-compression-latency-benchmarks/3_benchmarks/src/nvjpeg/cmake-build-debug/nvjpeg_decode -i 1 -o - 
3840x2160,50,4:4:4,10,0.0034173000000000003,0.133958,0.034212,0.0282095,0.130573,0.282163,691.543,37.15925979614258,0.942588210105896,/home/simone/Documenti/video-compression-latency-benchmarks/3_benchmarks/src/nvjpeg/cmake-build-debug/nvjpeg_encode -w 3840 -h 2160 -s 444 -q 50 -i 1 -o - ,/home/simone/Documenti/video-compression-latency-benchmarks/3_benchmarks/src/nvjpeg/cmake-build-debug/nvjpeg_decode -i 1 -o - 
3840x2160,50,4:2:2,10,0.0031208,0.129114,0.031245,0.015162,0.122489,0.151688,587.34,36.14302444458008,0.9368896484375,/home/simone/Documenti/video-compression-latency-benchmarks/3_benchmarks/src/nvjpeg/cmake-build-debug/nvjpeg_encode -w 3840 -h 2160 -s 422 -q 50 -i 1 -o - ,/home/simone/Documenti/video-compression-latency-benchmarks/3_benchmarks/src/nvjpeg/cmake-build-debug/nvjpeg_decode -i 1 -o - 
3840x2160,50,4:2:0,10,0.0030013,0.122686,0.030052,0.0127333,0.120369,0.127393,536.199,35.46519088745117,0.9330652952194214,/home/simone/Documenti/video-compression-latency-benchmarks/3_benchmarks/src/nvjpeg/cmake-build-debug/nvjpeg_encode -w 3840 -h 2160 -s 420 -q 50 -i 1 -o - ,/home/simone/Documenti/video-compression-latency-benchmarks/3_benchmarks/src/nvjpeg/cmake-build-debug/nvjpeg_decode -i 1 -o - 
3840x2160,60,4:4:4,10,0.0036777,0.142922,0.036818,0.029145300000000002,0.155578,0.291518,790.344,38.01158142089844,0.9499543309211731,/home/simone/Documenti/video-compression-latency-benchmarks/3_benchmarks/src/nvjpeg/cmake-build-debug/nvjpeg_encode -w 3840 -h 2160 -s 444 -q 60 -i 1 -o - ,/home/simone/Documenti/video-compression-latency-benchmarks/3_benchmarks/src/nvjpeg/cmake-build-debug/nvjpeg_decode -i 1 -o - 
3840x2160,60,4:2:2,10,0.0031001,0.131905,0.031040,0.0158511,0.123597,0.158569,671.274,36.845008850097656,0.9436861872673035,/home/simone/Documenti/video-compression-latency-benchmarks/3_benchmarks/src/nvjpeg/cmake-build-debug/nvjpeg_encode -w 3840 -h 2160 -s 422 -q 60 -i 1 -o - ,/home/simone/Documenti/video-compression-latency-benchmarks/3_benchmarks/src/nvjpeg/cmake-build-debug/nvjpeg_decode -i 1 -o - 
3840x2160,60,4:2:0,10,0.0029988000000000003,0.123990,0.030026,0.013290399999999999,0.127577,0.132962,611.759,36.07007598876953,0.9392042756080627,/home/simone/Documenti/video-compression-latency-benchmarks/3_benchmarks/src/nvjpeg/cmake-build-debug/nvjpeg_encode -w 3840 -h 2160 -s 420 -q 60 -i 1 -o - ,/home/simone/Documenti/video-compression-latency-benchmarks/3_benchmarks/src/nvjpeg/cmake-build-debug/nvjpeg_decode -i 1 -o - 
3840x2160,70,4:4:4,10,0.0040386,0.133879,0.040426,0.030868,0.119545,0.308748,949.771,38.5933952331543,0.9578864574432373,/home/simone/Documenti/video-compression-latency-benchmarks/3_benchmarks/src/nvjpeg/cmake-build-debug/nvjpeg_encode -w 3840 -h 2160 -s 444 -q 70 -i 1 -o - ,/home/simone/Documenti/video-compression-latency-benchmarks/3_benchmarks/src/nvjpeg/cmake-build-debug/nvjpeg_decode -i 1 -o - 
3840x2160,70,4:2:2,10,0.0058571,0.129374,0.058613,0.016999300000000002,0.123135,0.170052,808.091,37.314598083496094,0.9511143565177917,/home/simone/Documenti/video-compression-latency-benchmarks/3_benchmarks/src/nvjpeg/cmake-build-debug/nvjpeg_encode -w 3840 -h 2160 -s 422 -q 70 -i 1 -o - ,/home/simone/Documenti/video-compression-latency-benchmarks/3_benchmarks/src/nvjpeg/cmake-build-debug/nvjpeg_decode -i 1 -o - 
3840x2160,70,4:2:0,10,0.0045182,0.132357,0.045224,0.014324400000000001,0.136924,0.143303,735.735,36.47124099731445,0.9459773898124695,/home/simone/Documenti/video-compression-latency-benchmarks/3_benchmarks/src/nvjpeg/cmake-build-debug/nvjpeg_encode -w 3840 -h 2160 -s 420 -q 70 -i 1 -o - ,/home/simone/Documenti/video-compression-latency-benchmarks/3_benchmarks/src/nvjpeg/cmake-build-debug/nvjpeg_decode -i 1 -o - 
3840x2160,80,4:4:4,10,0.0035922999999999997,0.142900,0.035964,0.0338376,0.144236,0.338449,1234.841,39.62113952636719,0.9666545391082764,/home/simone/Documenti/video-compression-latency-benchmarks/3_benchmarks/src/nvjpeg/cmake-build-debug/nvjpeg_encode -w 3840 -h 2160 -s 444 -q 80 -i 1 -o - ,/home/simone/Documenti/video-compression-latency-benchmarks/3_benchmarks/src/nvjpeg/cmake-build-debug/nvjpeg_decode -i 1 -o - 
3840x2160,80,4:2:2,10,0.0032515,0.132510,0.032555,0.0186187,0.127202,0.186257,1038.059,38.138221740722656,0.9594115018844604,/home/simone/Documenti/video-compression-latency-benchmarks/3_benchmarks/src/nvjpeg/cmake-build-debug/nvjpeg_encode -w 3840 -h 2160 -s 422 -q 80 -i 1 -o - ,/home/simone/Documenti/video-compression-latency-benchmarks/3_benchmarks/src/nvjpeg/cmake-build-debug/nvjpeg_decode -i 1 -o - 
3840x2160,80,4:2:0,10,0.0030615,0.147500,0.030657,0.015812200000000002,0.139931,0.158182,939.361,37.16019058227539,0.9534617066383362,/home/simone/Documenti/video-compression-latency-benchmarks/3_benchmarks/src/nvjpeg/cmake-build-debug/nvjpeg_encode -w 3840 -h 2160 -s 420 -q 80 -i 1 -o - ,/home/simone/Documenti/video-compression-latency-benchmarks/3_benchmarks/src/nvjpeg/cmake-build-debug/nvjpeg_decode -i 1 -o - 
3840x2160,90,4:4:4,10,0.0036908999999999996,0.134895,0.036949,0.0385366,0.126369,0.385460,1925.169,40.91626739501953,0.9774717688560486,/home/simone/Documenti/video-compression-latency-benchmarks/3_benchmarks/src/nvjpeg/cmake-build-debug/nvjpeg_encode -w 3840 -h 2160 -s 444 -q 90 -i 1 -o - ,/home/simone/Documenti/video-compression-latency-benchmarks/3_benchmarks/src/nvjpeg/cmake-build-debug/nvjpeg_decode -i 1 -o - 
3840x2160,90,4:2:2,10,0.0033940999999999997,0.169379,0.033982,0.022848,0.146215,0.228543,1611.914,39.167606353759766,0.9697485566139221,/home/simone/Documenti/video-compression-latency-benchmarks/3_benchmarks/src/nvjpeg/cmake-build-debug/nvjpeg_encode -w 3840 -h 2160 -s 422 -q 90 -i 1 -o - ,/home/simone/Documenti/video-compression-latency-benchmarks/3_benchmarks/src/nvjpeg/cmake-build-debug/nvjpeg_decode -i 1 -o - 
3840x2160,90,4:2:0,10,0.0031086,0.140813,0.031125,0.019486800000000002,0.145273,0.194928,1441.272,38.05007553100586,0.9630905985832214,/home/simone/Documenti/video-compression-latency-benchmarks/3_benchmarks/src/nvjpeg/cmake-build-debug/nvjpeg_encode -w 3840 -h 2160 -s 420 -q 90 -i 1 -o - ,/home/simone/Documenti/video-compression-latency-benchmarks/3_benchmarks/src/nvjpeg/cmake-build-debug/nvjpeg_decode -i 1 -o - 
3840x2160,100,4:4:4,10,0.0051213000000000005,0.148220,0.051255,0.07914679999999999,0.144555,0.791536,7754.733,43.880340576171875,0.995231032371521,/home/simone/Documenti/video-compression-latency-benchmarks/3_benchmarks/src/nvjpeg/cmake-build-debug/nvjpeg_encode -w 3840 -h 2160 -s 444 -q 100 -i 1 -o - ,/home/simone/Documenti/video-compression-latency-benchmarks/3_benchmarks/src/nvjpeg/cmake-build-debug/nvjpeg_decode -i 1 -o - 
3840x2160,100,4:2:2,10,0.0044262,0.146215,0.044305,0.0528574,0.145678,0.528634,5884.447,41.5677604675293,0.9905798435211182,/home/simone/Documenti/video-compression-latency-benchmarks/3_benchmarks/src/nvjpeg/cmake-build-debug/nvjpeg_encode -w 3840 -h 2160 -s 422 -q 100 -i 1 -o - ,/home/simone/Documenti/video-compression-latency-benchmarks/3_benchmarks/src/nvjpeg/cmake-build-debug/nvjpeg_decode -i 1 -o - 
3840x2160,100,4:2:0,10,0.0039078,0.136947,0.039119,0.0431111,0.134014,0.431169,4792.294,40.33351135253906,0.9864905476570129,/home/simone/Documenti/video-compression-latency-benchmarks/3_benchmarks/src/nvjpeg/cmake-build-debug/nvjpeg_encode -w 3840 -h 2160 -s 420 -q 100 -i 1 -o - ,/home/simone/Documenti/video-compression-latency-benchmarks/3_benchmarks/src/nvjpeg/cmake-build-debug/nvjpeg_decode -i 1 -o - 
