Resolution,Quality Factor,Speed,Threaded,Subsampling,Iterations,Avg Encode Time (s),Encoder Setup Time (s),Encoder Cleanup Time (s),Avg Decode Time (s),Decoder Setup Time (s),Decoder Cleanup Time (s),Compressed Size (KB),PSNR,SSIM,Encode CMD,Decode CMD
1280x720,10,6,0,4:2:0,10,0.07786180000000001,0.001874,0.000000,0.0032384000000000002,0.000027,0.000000,27.05,29.929744720458984,0.8482364416122437,/home/simone/Documenti/video-compression-latency-benchmarks/3_benchmarks/src/libwebp/cmake-build-debug/libwebp_encode-w1280-h720-q10-s6-t0-i1-o-,/home/simone/Documenti/video-compression-latency-benchmarks/3_benchmarks/src/libwebp/cmake-build-debug/libwebp_decode-t0-i1-o-
1280x720,10,6,1,4:2:0,10,0.07828500000000001,0.001897,0.000000,0.0038031000000000002,0.000005,0.000000,27.05,29.929744720458984,0.8482364416122437,/home/simone/Documenti/video-compression-latency-benchmarks/3_benchmarks/src/libwebp/cmake-build-debug/libwebp_encode-w1280-h720-q10-s6-t1-i1-o-,/home/simone/Documenti/video-compression-latency-benchmarks/3_benchmarks/src/libwebp/cmake-build-debug/libwebp_decode-t1-i1-o-
1280x720,11,6,0,4:2:0,10,0.0792991,0.001918,0.000001,0.0032682999999999996,0.000005,0.000000,27.69,30.059675216674805,0.8514348268508911,/home/simone/Documenti/video-compression-latency-benchmarks/3_benchmarks/src/libwebp/cmake-build-debug/libwebp_encode-w1280-h720-q11-s6-t0-i1-o-,/home/simone/Documenti/video-compression-latency-benchmarks/3_benchmarks/src/libwebp/cmake-build-debug/libwebp_decode-t0-i1-o-
1280x720,11,6,1,4:2:0,10,0.0797145,0.001873,0.000000,0.003843,0.000005,0.000000,27.69,30.059675216674805,0.8514348268508911,/home/simone/Documenti/video-compression-latency-benchmarks/3_benchmarks/src/libwebp/cmake-build-debug/libwebp_encode-w1280-h720-q11-s6-t1-i1-o-,/home/simone/Documenti/video-compression-latency-benchmarks/3_benchmarks/src/libwebp/cmake-build-debug/libwebp_decode-t1-i1-o-
1280x720,12,6,0,4:2:0,10,0.0806741,0.001871,0.000000,0.0033352,0.000005,0.000001,28.892,30.228487014770508,0.8560255169868469,/home/simone/Documenti/video-compression-latency-benchmarks/3_benchmarks/src/libwebp/cmake-build-debug/libwebp_encode-w1280-h720-q12-s6-t0-i1-o-,/home/simone/Documenti/video-compression-latency-benchmarks/3_benchmarks/src/libwebp/cmake-build-debug/libwebp_decode-t0-i1-o-
1280x720,12,6,1,4:2:0,10,0.0806519,0.001883,0.000000,0.0039575,0.000005,0.000001,28.892,30.228487014770508,0.8560255169868469,/home/simone/Documenti/video-compression-latency-benchmarks/3_benchmarks/src/libwebp/cmake-build-debug/libwebp_encode-w1280-h720-q12-s6-t1-i1-o-,/home/simone/Documenti/video-compression-latency-benchmarks/3_benchmarks/src/libwebp/cmake-build-debug/libwebp_decode-t1-i1-o-
1280x720,13,6,0,4:2:0,10,0.0813222,0.001890,0.000000,0.0033954,0.000005,0.000003,29.588,30.31302833557129,0.8581903576850891,/home/simone/Documenti/video-compression-latency-benchmarks/3_benchmarks/src/libwebp/cmake-build-debug/libwebp_encode-w1280-h720-q13-s6-t0-i1-o-,/home/simone/Documenti/video-compression-latency-benchmarks/3_benchmarks/src/libwebp/cmake-build-debug/libwebp_decode-t0-i1-o-
1280x720,13,6,1,4:2:0,10,0.0811886,0.001881,0.000001,0.0039739,0.000005,0.000000,29.588,30.31302833557129,0.8581903576850891,/home/simone/Documenti/video-compression-latency-benchmarks/3_benchmarks/src/libwebp/cmake-build-debug/libwebp_encode-w1280-h720-q13-s6-t1-i1-o-,/home/simone/Documenti/video-compression-latency-benchmarks/3_benchmarks/src/libwebp/cmake-build-debug/libwebp_decode-t1-i1-o-
1280x720,14,6,0,4:2:0,10,0.0844085,0.001877,0.000000,0.0035358,0.000005,0.000000,30.574,30.456052780151367,0.8622817993164062,/home/simone/Documenti/video-compression-latency-benchmarks/3_benchmarks/src/libwebp/cmake-build-debug/libwebp_encode-w1280-h720-q14-s6-t0-i1-o-,/home/simone/Documenti/video-compression-latency-benchmarks/3_benchmarks/src/libwebp/cmake-build-debug/libwebp_decode-t0-i1-o-
1280x720,14,6,1,4:2:0,10,0.08233510000000001,0.001923,0.000000,0.0039508,0.000005,0.000000,30.574,30.456052780151367,0.8622817993164062,/home/simone/Documenti/video-compression-latency-benchmarks/3_benchmarks/src/libwebp/cmake-build-debug/libwebp_encode-w1280-h720-q14-s6-t1-i1-o-,/home/simone/Documenti/video-compression-latency-benchmarks/3_benchmarks/src/libwebp/cmake-build-debug/libwebp_decode-t1-i1-o-
1280x720,15,6,0,4:2:0,10,0.0832721,0.001876,0.000000,0.0034635,0.000006,0.000000,31.31,30.550079345703125,0.8652760982513428,/home/simone/Documenti/video-compression-latency-benchmarks/3_benchmarks/src/libwebp/cmake-build-debug/libwebp_encode-w1280-h720-q15-s6-t0-i1-o-,/home/simone/Documenti/video-compression-latency-benchmarks/3_benchmarks/src/libwebp/cmake-build-debug/libwebp_decode-t0-i1-o-
1280x720,15,6,1,4:2:0,10,0.0848622,0.001880,0.000000,0.0040789,0.000004,0.000000,31.31,30.550079345703125,0.8652760982513428,/home/simone/Documenti/video-compression-latency-benchmarks/3_benchmarks/src/libwebp/cmake-build-debug/libwebp_encode-w1280-h720-q15-s6-t1-i1-o-,/home/simone/Documenti/video-compression-latency-benchmarks/3_benchmarks/src/libwebp/cmake-build-debug/libwebp_decode-t1-i1-o-
1280x720,16,6,0,4:2:0,10,0.0843778,0.001868,0.000000,0.0035254,0.000005,0.000000,32.292,30.670475006103516,0.8679893612861633,/home/simone/Documenti/video-compression-latency-benchmarks/3_benchmarks/src/libwebp/cmake-build-debug/libwebp_encode-w1280-h720-q16-s6-t0-i1-o-,/home/simone/Documenti/video-compression-latency-benchmarks/3_benchmarks/src/libwebp/cmake-build-debug/libwebp_decode-t0-i1-o-
1280x720,16,6,1,4:2:0,10,0.0844211,0.001882,0.000000,0.004074400000000001,0.000004,0.000000,32.292,30.670475006103516,0.8679893612861633,/home/simone/Documenti/video-compression-latency-benchmarks/3_benchmarks/src/libwebp/cmake-build-debug/libwebp_encode-w1280-h720-q16-s6-t1-i1-o-,/home/simone/Documenti/video-compression-latency-benchmarks/3_benchmarks/src/libwebp/cmake-build-debug/libwebp_decode-t1-i1-o-
1280x720,17,6,0,4:2:0,10,0.085136,0.001884,0.000001,0.0035485000000000004,0.000005,0.000000,33.182,30.800254821777344,0.870660662651062,/home/simone/Documenti/video-compression-latency-benchmarks/3_benchmarks/src/libwebp/cmake-build-debug/libwebp_encode-w1280-h720-q17-s6-t0-i1-o-,/home/simone/Documenti/video-compression-latency-benchmarks/3_benchmarks/src/libwebp/cmake-build-debug/libwebp_decode-t0-i1-o-
1280x720,17,6,1,4:2:0,10,0.0850269,0.001875,0.000001,0.0041216000000000004,0.000005,0.000000,33.182,30.800254821777344,0.870660662651062,/home/simone/Documenti/video-compression-latency-benchmarks/3_benchmarks/src/libwebp/cmake-build-debug/libwebp_encode-w1280-h720-q17-s6-t1-i1-o-,/home/simone/Documenti/video-compression-latency-benchmarks/3_benchmarks/src/libwebp/cmake-build-debug/libwebp_decode-t1-i1-o-
1280x720,18,6,0,4:2:0,10,0.0862654,0.001861,0.000000,0.0035763,0.000009,0.000000,33.934,30.88573455810547,0.8733792304992676,/home/simone/Documenti/video-compression-latency-benchmarks/3_benchmarks/src/libwebp/cmake-build-debug/libwebp_encode-w1280-h720-q18-s6-t0-i1-o-,/home/simone/Documenti/video-compression-latency-benchmarks/3_benchmarks/src/libwebp/cmake-build-debug/libwebp_decode-t0-i1-o-
1280x720,18,6,1,4:2:0,10,0.0861548,0.001873,0.000000,0.0041394,0.000004,0.000001,33.934,30.88573455810547,0.8733792304992676,/home/simone/Documenti/video-compression-latency-benchmarks/3_benchmarks/src/libwebp/cmake-build-debug/libwebp_encode-w1280-h720-q18-s6-t1-i1-o-,/home/simone/Documenti/video-compression-latency-benchmarks/3_benchmarks/src/libwebp/cmake-build-debug/libwebp_decode-t1-i1-o-
1280x720,19,6,0,4:2:0,10,0.0868743,0.001871,0.000000,0.0040578,0.000005,0.000001,34.908,30.992759704589844,0.8762052655220032,/home/simone/Documenti/video-compression-latency-benchmarks/3_benchmarks/src/libwebp/cmake-build-debug/libwebp_encode-w1280-h720-q19-s6-t0-i1-o-,/home/simone/Documenti/video-compression-latency-benchmarks/3_benchmarks/src/libwebp/cmake-build-debug/libwebp_decode-t0-i1-o-
1280x720,19,6,1,4:2:0,10,0.0868733,0.001890,0.000000,0.0042212,0.000005,0.000001,34.908,30.992759704589844,0.8762052655220032,/home/simone/Documenti/video-compression-latency-benchmarks/3_benchmarks/src/libwebp/cmake-build-debug/libwebp_encode-w1280-h720-q19-s6-t1-i1-o-,/home/simone/Documenti/video-compression-latency-benchmarks/3_benchmarks/src/libwebp/cmake-build-debug/libwebp_decode-t1-i1-o-
1280x720,20,6,0,4:2:0,10,0.0878555,0.001881,0.000000,0.003662,0.000005,0.000000,35.534,31.067651748657227,0.8775304555892944,/home/simone/Documenti/video-compression-latency-benchmarks/3_benchmarks/src/libwebp/cmake-build-debug/libwebp_encode-w1280-h720-q20-s6-t0-i1-o-,/home/simone/Documenti/video-compression-latency-benchmarks/3_benchmarks/src/libwebp/cmake-build-debug/libwebp_decode-t0-i1-o-
1280x720,20,6,1,4:2:0,10,0.0880619,0.001868,0.000000,0.0043896,0.000005,0.000001,35.534,31.067651748657227,0.8775304555892944,/home/simone/Documenti/video-compression-latency-benchmarks/3_benchmarks/src/libwebp/cmake-build-debug/libwebp_encode-w1280-h720-q20-s6-t1-i1-o-,/home/simone/Documenti/video-compression-latency-benchmarks/3_benchmarks/src/libwebp/cmake-build-debug/libwebp_decode-t1-i1-o-
1280x720,21,6,0,4:2:0,10,0.0888075,0.001882,0.000000,0.003727,0.000005,0.000000,36.284,31.167383193969727,0.8794852495193481,/home/simone/Documenti/video-compression-latency-benchmarks/3_benchmarks/src/libwebp/cmake-build-debug/libwebp_encode-w1280-h720-q21-s6-t0-i1-o-,/home/simone/Documenti/video-compression-latency-benchmarks/3_benchmarks/src/libwebp/cmake-build-debug/libwebp_decode-t0-i1-o-
1280x720,21,6,1,4:2:0,10,0.0884379,0.001878,0.000000,0.0042591999999999994,0.000004,0.000000,36.284,31.167383193969727,0.8794852495193481,/home/simone/Documenti/video-compression-latency-benchmarks/3_benchmarks/src/libwebp/cmake-build-debug/libwebp_encode-w1280-h720-q21-s6-t1-i1-o-,/home/simone/Documenti/video-compression-latency-benchmarks/3_benchmarks/src/libwebp/cmake-build-debug/libwebp_decode-t1-i1-o-
1280x720,22,6,0,4:2:0,10,0.0899745,0.001925,0.000000,0.0037784,0.000005,0.000000,37.142,31.25320053100586,0.8813099265098572,/home/simone/Documenti/video-compression-latency-benchmarks/3_benchmarks/src/libwebp/cmake-build-debug/libwebp_encode-w1280-h720-q22-s6-t0-i1-o-,/home/simone/Documenti/video-compression-latency-benchmarks/3_benchmarks/src/libwebp/cmake-build-debug/libwebp_decode-t0-i1-o-
1280x720,22,6,1,4:2:0,10,0.0895253,0.001872,0.000000,0.004285300000000001,0.000005,0.000001,37.142,31.25320053100586,0.8813099265098572,/home/simone/Documenti/video-compression-latency-benchmarks/3_benchmarks/src/libwebp/cmake-build-debug/libwebp_encode-w1280-h720-q22-s6-t1-i1-o-,/home/simone/Documenti/video-compression-latency-benchmarks/3_benchmarks/src/libwebp/cmake-build-debug/libwebp_decode-t1-i1-o-
1280x720,23,6,0,4:2:0,10,0.0905276,0.001888,0.000000,0.0038238,0.000006,0.000000,38.098,31.350601196289062,0.8828938603401184,/home/simone/Documenti/video-compression-latency-benchmarks/3_benchmarks/src/libwebp/cmake-build-debug/libwebp_encode-w1280-h720-q23-s6-t0-i1-o-,/home/simone/Documenti/video-compression-latency-benchmarks/3_benchmarks/src/libwebp/cmake-build-debug/libwebp_decode-t0-i1-o-
1280x720,23,6,1,4:2:0,10,0.09023919999999999,0.001885,0.000000,0.0043547,0.000005,0.000000,38.098,31.350601196289062,0.8828938603401184,/home/simone/Documenti/video-compression-latency-benchmarks/3_benchmarks/src/libwebp/cmake-build-debug/libwebp_encode-w1280-h720-q23-s6-t1-i1-o-,/home/simone/Documenti/video-compression-latency-benchmarks/3_benchmarks/src/libwebp/cmake-build-debug/libwebp_decode-t1-i1-o-
1280x720,24,6,0,4:2:0,10,0.0909653,0.001881,0.000000,0.0038623999999999998,0.000004,0.000001,38.898,31.459213256835938,0.8854547739028931,/home/simone/Documenti/video-compression-latency-benchmarks/3_benchmarks/src/libwebp/cmake-build-debug/libwebp_encode-w1280-h720-q24-s6-t0-i1-o-,/home/simone/Documenti/video-compression-latency-benchmarks/3_benchmarks/src/libwebp/cmake-build-debug/libwebp_decode-t0-i1-o-
1280x720,24,6,1,4:2:0,10,0.0911479,0.001880,0.000000,0.004404099999999999,0.000004,0.000001,38.898,31.459213256835938,0.8854547739028931,/home/simone/Documenti/video-compression-latency-benchmarks/3_benchmarks/src/libwebp/cmake-build-debug/libwebp_encode-w1280-h720-q24-s6-t1-i1-o-,/home/simone/Documenti/video-compression-latency-benchmarks/3_benchmarks/src/libwebp/cmake-build-debug/libwebp_decode-t1-i1-o-
1280x720,25,6,0,4:2:0,10,0.0918728,0.001869,0.000000,0.0038551,0.000004,0.000001,39.706,31.536523818969727,0.8868489265441895,/home/simone/Documenti/video-compression-latency-benchmarks/3_benchmarks/src/libwebp/cmake-build-debug/libwebp_encode-w1280-h720-q25-s6-t0-i1-o-,/home/simone/Documenti/video-compression-latency-benchmarks/3_benchmarks/src/libwebp/cmake-build-debug/libwebp_decode-t0-i1-o-
1280x720,25,6,1,4:2:0,10,0.09175459999999999,0.001896,0.000000,0.0044156,0.000005,0.000001,39.706,31.536523818969727,0.8868489265441895,/home/simone/Documenti/video-compression-latency-benchmarks/3_benchmarks/src/libwebp/cmake-build-debug/libwebp_encode-w1280-h720-q25-s6-t1-i1-o-,/home/simone/Documenti/video-compression-latency-benchmarks/3_benchmarks/src/libwebp/cmake-build-debug/libwebp_decode-t1-i1-o-
1280x720,26,6,0,4:2:0,10,0.0923944,0.001879,0.000000,0.0038889,0.000004,0.000000,40.486,31.606460571289062,0.8876627087593079,/home/simone/Documenti/video-compression-latency-benchmarks/3_benchmarks/src/libwebp/cmake-build-debug/libwebp_encode-w1280-h720-q26-s6-t0-i1-o-,/home/simone/Documenti/video-compression-latency-benchmarks/3_benchmarks/src/libwebp/cmake-build-debug/libwebp_decode-t0-i1-o-
1280x720,26,6,1,4:2:0,10,0.0928132,0.001888,0.000000,0.0044295,0.000005,0.000000,40.486,31.606460571289062,0.8876627087593079,/home/simone/Documenti/video-compression-latency-benchmarks/3_benchmarks/src/libwebp/cmake-build-debug/libwebp_encode-w1280-h720-q26-s6-t1-i1-o-,/home/simone/Documenti/video-compression-latency-benchmarks/3_benchmarks/src/libwebp/cmake-build-debug/libwebp_decode-t1-i1-o-
1280x720,27,6,0,4:2:0,10,0.0937688,0.001879,0.000000,0.00394,0.000005,0.000000,41.322,31.70379638671875,0.8896337151527405,/home/simone/Documenti/video-compression-latency-benchmarks/3_benchmarks/src/libwebp/cmake-build-debug/libwebp_encode-w1280-h720-q27-s6-t0-i1-o-,/home/simone/Documenti/video-compression-latency-benchmarks/3_benchmarks/src/libwebp/cmake-build-debug/libwebp_decode-t0-i1-o-
1280x720,27,6,1,4:2:0,10,0.09362129999999999,0.001878,0.000000,0.0044295,0.000005,0.000000,41.322,31.70379638671875,0.8896337151527405,/home/simone/Documenti/video-compression-latency-benchmarks/3_benchmarks/src/libwebp/cmake-build-debug/libwebp_encode-w1280-h720-q27-s6-t1-i1-o-,/home/simone/Documenti/video-compression-latency-benchmarks/3_benchmarks/src/libwebp/cmake-build-debug/libwebp_decode-t1-i1-o-
1280x720,28,6,0,4:2:0,10,0.09432,0.001880,0.000001,0.0039992,0.000004,0.000000,42.438,31.831104278564453,0.892059326171875,/home/simone/Documenti/video-compression-latency-benchmarks/3_benchmarks/src/libwebp/cmake-build-debug/libwebp_encode-w1280-h720-q28-s6-t0-i1-o-,/home/simone/Documenti/video-compression-latency-benchmarks/3_benchmarks/src/libwebp/cmake-build-debug/libwebp_decode-t0-i1-o-
1280x720,28,6,1,4:2:0,10,0.09436459999999999,0.001867,0.000000,0.004554,0.000005,0.000000,42.438,31.831104278564453,0.892059326171875,/home/simone/Documenti/video-compression-latency-benchmarks/3_benchmarks/src/libwebp/cmake-build-debug/libwebp_encode-w1280-h720-q28-s6-t1-i1-o-,/home/simone/Documenti/video-compression-latency-benchmarks/3_benchmarks/src/libwebp/cmake-build-debug/libwebp_decode-t1-i1-o-
1280x720,29,6,0,4:2:0,10,0.0954193,0.001876,0.000000,0.0040707,0.000005,0.000000,43.34,31.8789119720459,0.8933771252632141,/home/simone/Documenti/video-compression-latency-benchmarks/3_benchmarks/src/libwebp/cmake-build-debug/libwebp_encode-w1280-h720-q29-s6-t0-i1-o-,/home/simone/Documenti/video-compression-latency-benchmarks/3_benchmarks/src/libwebp/cmake-build-debug/libwebp_decode-t0-i1-o-
1280x720,29,6,1,4:2:0,10,0.0964504,0.001888,0.000001,0.0045509,0.000005,0.000000,43.34,31.8789119720459,0.8933771252632141,/home/simone/Documenti/video-compression-latency-benchmarks/3_benchmarks/src/libwebp/cmake-build-debug/libwebp_encode-w1280-h720-q29-s6-t1-i1-o-,/home/simone/Documenti/video-compression-latency-benchmarks/3_benchmarks/src/libwebp/cmake-build-debug/libwebp_decode-t1-i1-o-
1280x720,30,6,0,4:2:0,10,0.09633420000000001,0.001874,0.000000,0.0041129,0.000005,0.000000,44.562,31.99510955810547,0.8954386711120605,/home/simone/Documenti/video-compression-latency-benchmarks/3_benchmarks/src/libwebp/cmake-build-debug/libwebp_encode-w1280-h720-q30-s6-t0-i1-o-,/home/simone/Documenti/video-compression-latency-benchmarks/3_benchmarks/src/libwebp/cmake-build-debug/libwebp_decode-t0-i1-o-
1280x720,30,6,1,4:2:0,10,0.0961098,0.001872,0.000001,0.0046167,0.000005,0.000001,44.562,31.99510955810547,0.8954386711120605,/home/simone/Documenti/video-compression-latency-benchmarks/3_benchmarks/src/libwebp/cmake-build-debug/libwebp_encode-w1280-h720-q30-s6-t1-i1-o-,/home/simone/Documenti/video-compression-latency-benchmarks/3_benchmarks/src/libwebp/cmake-build-debug/libwebp_decode-t1-i1-o-
1280x720,31,6,0,4:2:0,10,0.0972537,0.001878,0.000001,0.0040895,0.000004,0.000000,45.196,32.04701614379883,0.8961228728294373,/home/simone/Documenti/video-compression-latency-benchmarks/3_benchmarks/src/libwebp/cmake-build-debug/libwebp_encode-w1280-h720-q31-s6-t0-i1-o-,/home/simone/Documenti/video-compression-latency-benchmarks/3_benchmarks/src/libwebp/cmake-build-debug/libwebp_decode-t0-i1-o-
1280x720,31,6,1,4:2:0,10,0.0972886,0.001893,0.000000,0.0046764,0.000005,0.000000,45.196,32.04701614379883,0.8961228728294373,/home/simone/Documenti/video-compression-latency-benchmarks/3_benchmarks/src/libwebp/cmake-build-debug/libwebp_encode-w1280-h720-q31-s6-t1-i1-o-,/home/simone/Documenti/video-compression-latency-benchmarks/3_benchmarks/src/libwebp/cmake-build-debug/libwebp_decode-t1-i1-o-
1280x720,32,6,0,4:2:0,10,0.0978847,0.001878,0.000001,0.0041474,0.000008,0.000000,45.732,32.12324142456055,0.8976438045501709,/home/simone/Documenti/video-compression-latency-benchmarks/3_benchmarks/src/libwebp/cmake-build-debug/libwebp_encode-w1280-h720-q32-s6-t0-i1-o-,/home/simone/Documenti/video-compression-latency-benchmarks/3_benchmarks/src/libwebp/cmake-build-debug/libwebp_decode-t0-i1-o-
1280x720,32,6,1,4:2:0,10,0.098372,0.001899,0.000000,0.004658600000000001,0.000005,0.000000,45.732,32.12324142456055,0.8976438045501709,/home/simone/Documenti/video-compression-latency-benchmarks/3_benchmarks/src/libwebp/cmake-build-debug/libwebp_encode-w1280-h720-q32-s6-t1-i1-o-,/home/simone/Documenti/video-compression-latency-benchmarks/3_benchmarks/src/libwebp/cmake-build-debug/libwebp_decode-t1-i1-o-
1280x720,33,6,0,4:2:0,10,0.0981646,0.001892,0.000000,0.0041765,0.000004,0.000000,46.646,32.20180892944336,0.899359405040741,/home/simone/Documenti/video-compression-latency-benchmarks/3_benchmarks/src/libwebp/cmake-build-debug/libwebp_encode-w1280-h720-q33-s6-t0-i1-o-,/home/simone/Documenti/video-compression-latency-benchmarks/3_benchmarks/src/libwebp/cmake-build-debug/libwebp_decode-t0-i1-o-
1280x720,33,6,1,4:2:0,10,0.0981541,0.001875,0.000000,0.0047263,0.000006,0.000000,46.646,32.20180892944336,0.899359405040741,/home/simone/Documenti/video-compression-latency-benchmarks/3_benchmarks/src/libwebp/cmake-build-debug/libwebp_encode-w1280-h720-q33-s6-t1-i1-o-,/home/simone/Documenti/video-compression-latency-benchmarks/3_benchmarks/src/libwebp/cmake-build-debug/libwebp_decode-t1-i1-o-
1280x720,34,6,0,4:2:0,10,0.0989565,0.001880,0.000001,0.0042125999999999995,0.000005,0.000000,47.412,32.28666305541992,0.9006049036979675,/home/simone/Documenti/video-compression-latency-benchmarks/3_benchmarks/src/libwebp/cmake-build-debug/libwebp_encode-w1280-h720-q34-s6-t0-i1-o-,/home/simone/Documenti/video-compression-latency-benchmarks/3_benchmarks/src/libwebp/cmake-build-debug/libwebp_decode-t0-i1-o-
1280x720,34,6,1,4:2:0,10,0.0990197,0.001880,0.000001,0.0047126,0.000008,0.000001,47.412,32.28666305541992,0.9006049036979675,/home/simone/Documenti/video-compression-latency-benchmarks/3_benchmarks/src/libwebp/cmake-build-debug/libwebp_encode-w1280-h720-q34-s6-t1-i1-o-,/home/simone/Documenti/video-compression-latency-benchmarks/3_benchmarks/src/libwebp/cmake-build-debug/libwebp_decode-t1-i1-o-
1280x720,35,6,0,4:2:0,10,0.0994985,0.001883,0.000000,0.004234,0.000005,0.000000,48.142,32.35478591918945,0.9018882513046265,/home/simone/Documenti/video-compression-latency-benchmarks/3_benchmarks/src/libwebp/cmake-build-debug/libwebp_encode-w1280-h720-q35-s6-t0-i1-o-,/home/simone/Documenti/video-compression-latency-benchmarks/3_benchmarks/src/libwebp/cmake-build-debug/libwebp_decode-t0-i1-o-
1280x720,35,6,1,4:2:0,10,0.09954589999999999,0.001889,0.000000,0.0047671,0.000005,0.000000,48.142,32.35478591918945,0.9018882513046265,/home/simone/Documenti/video-compression-latency-benchmarks/3_benchmarks/src/libwebp/cmake-build-debug/libwebp_encode-w1280-h720-q35-s6-t1-i1-o-,/home/simone/Documenti/video-compression-latency-benchmarks/3_benchmarks/src/libwebp/cmake-build-debug/libwebp_decode-t1-i1-o-
1280x720,36,6,0,4:2:0,10,0.1004983,0.001871,0.000000,0.0042947,0.000004,0.000000,49.12,32.42660903930664,0.903343915939331,/home/simone/Documenti/video-compression-latency-benchmarks/3_benchmarks/src/libwebp/cmake-build-debug/libwebp_encode-w1280-h720-q36-s6-t0-i1-o-,/home/simone/Documenti/video-compression-latency-benchmarks/3_benchmarks/src/libwebp/cmake-build-debug/libwebp_decode-t0-i1-o-
1280x720,36,6,1,4:2:0,10,0.1005798,0.001881,0.000000,0.0048437,0.000005,0.000001,49.12,32.42660903930664,0.903343915939331,/home/simone/Documenti/video-compression-latency-benchmarks/3_benchmarks/src/libwebp/cmake-build-debug/libwebp_encode-w1280-h720-q36-s6-t1-i1-o-,/home/simone/Documenti/video-compression-latency-benchmarks/3_benchmarks/src/libwebp/cmake-build-debug/libwebp_decode-t1-i1-o-
1280x720,37,6,0,4:2:0,10,0.100674,0.001883,0.000001,0.0042942,0.000005,0.000001,49.29,32.42459487915039,0.9028268456459045,/home/simone/Documenti/video-compression-latency-benchmarks/3_benchmarks/src/libwebp/cmake-build-debug/libwebp_encode-w1280-h720-q37-s6-t0-i1-o-,/home/simone/Documenti/video-compression-latency-benchmarks/3_benchmarks/src/libwebp/cmake-build-debug/libwebp_decode-t0-i1-o-
1280x720,37,6,1,4:2:0,10,0.1007891,0.001871,0.000001,0.0048485,0.000005,0.000000,49.29,32.42459487915039,0.9028268456459045,/home/simone/Documenti/video-compression-latency-benchmarks/3_benchmarks/src/libwebp/cmake-build-debug/libwebp_encode-w1280-h720-q37-s6-t1-i1-o-,/home/simone/Documenti/video-compression-latency-benchmarks/3_benchmarks/src/libwebp/cmake-build-debug/libwebp_decode-t1-i1-o-
1280x720,38,6,0,4:2:0,10,0.1019511,0.001895,0.000000,0.0043333,0.000005,0.000000,50.388,32.55024337768555,0.9047979116439819,/home/simone/Documenti/video-compression-latency-benchmarks/3_benchmarks/src/libwebp/cmake-build-debug/libwebp_encode-w1280-h720-q38-s6-t0-i1-o-,/home/simone/Documenti/video-compression-latency-benchmarks/3_benchmarks/src/libwebp/cmake-build-debug/libwebp_decode-t0-i1-o-
1280x720,38,6,1,4:2:0,10,0.10159879999999999,0.001878,0.000000,0.0048506,0.000004,0.000001,50.388,32.55024337768555,0.9047979116439819,/home/simone/Documenti/video-compression-latency-benchmarks/3_benchmarks/src/libwebp/cmake-build-debug/libwebp_encode-w1280-h720-q38-s6-t1-i1-o-,/home/simone/Documenti/video-compression-latency-benchmarks/3_benchmarks/src/libwebp/cmake-build-debug/libwebp_decode-t1-i1-o-
1280x720,39,6,0,4:2:0,10,0.1026873,0.001881,0.000000,0.0044166,0.000006,0.000000,51.628,32.59866714477539,0.9053361415863037,/home/simone/Documenti/video-compression-latency-benchmarks/3_benchmarks/src/libwebp/cmake-build-debug/libwebp_encode-w1280-h720-q39-s6-t0-i1-o-,/home/simone/Documenti/video-compression-latency-benchmarks/3_benchmarks/src/libwebp/cmake-build-debug/libwebp_decode-t0-i1-o-
1280x720,39,6,1,4:2:0,10,0.1026773,0.001885,0.000000,0.0049132,0.000005,0.000000,51.628,32.59866714477539,0.9053361415863037,/home/simone/Documenti/video-compression-latency-benchmarks/3_benchmarks/src/libwebp/cmake-build-debug/libwebp_encode-w1280-h720-q39-s6-t1-i1-o-,/home/simone/Documenti/video-compression-latency-benchmarks/3_benchmarks/src/libwebp/cmake-build-debug/libwebp_decode-t1-i1-o-
1280x720,40,6,0,4:2:0,10,0.1030652,0.001881,0.000000,0.0044045,0.000005,0.000001,51.906,32.67086410522461,0.9064982533454895,/home/simone/Documenti/video-compression-latency-benchmarks/3_benchmarks/src/libwebp/cmake-build-debug/libwebp_encode-w1280-h720-q40-s6-t0-i1-o-,/home/simone/Documenti/video-compression-latency-benchmarks/3_benchmarks/src/libwebp/cmake-build-debug/libwebp_decode-t0-i1-o-
1280x720,40,6,1,4:2:0,10,0.1030704,0.001884,0.000000,0.0049222,0.000005,0.000000,51.906,32.67086410522461,0.9064982533454895,/home/simone/Documenti/video-compression-latency-benchmarks/3_benchmarks/src/libwebp/cmake-build-debug/libwebp_encode-w1280-h720-q40-s6-t1-i1-o-,/home/simone/Documenti/video-compression-latency-benchmarks/3_benchmarks/src/libwebp/cmake-build-debug/libwebp_decode-t1-i1-o-
1280x720,41,6,0,4:2:0,10,0.1042514,0.001982,0.000000,0.0044713,0.000005,0.000001,53.07,32.753929138183594,0.9079078435897827,/home/simone/Documenti/video-compression-latency-benchmarks/3_benchmarks/src/libwebp/cmake-build-debug/libwebp_encode-w1280-h720-q41-s6-t0-i1-o-,/home/simone/Documenti/video-compression-latency-benchmarks/3_benchmarks/src/libwebp/cmake-build-debug/libwebp_decode-t0-i1-o-
1280x720,41,6,1,4:2:0,10,0.10392680000000001,0.001876,0.000000,0.0050337,0.000004,0.000000,53.07,32.753929138183594,0.9079078435897827,/home/simone/Documenti/video-compression-latency-benchmarks/3_benchmarks/src/libwebp/cmake-build-debug/libwebp_encode-w1280-h720-q41-s6-t1-i1-o-,/home/simone/Documenti/video-compression-latency-benchmarks/3_benchmarks/src/libwebp/cmake-build-debug/libwebp_decode-t1-i1-o-
1280x720,42,6,0,4:2:0,10,0.10454870000000001,0.001929,0.000000,0.004503399999999999,0.000005,0.000000,53.598,32.79906463623047,0.9086303114891052,/home/simone/Documenti/video-compression-latency-benchmarks/3_benchmarks/src/libwebp/cmake-build-debug/libwebp_encode-w1280-h720-q42-s6-t0-i1-o-,/home/simone/Documenti/video-compression-latency-benchmarks/3_benchmarks/src/libwebp/cmake-build-debug/libwebp_decode-t0-i1-o-
1280x720,42,6,1,4:2:0,10,0.1045806,0.001882,0.000000,0.005010499999999999,0.000004,0.000000,53.598,32.79906463623047,0.9086303114891052,/home/simone/Documenti/video-compression-latency-benchmarks/3_benchmarks/src/libwebp/cmake-build-debug/libwebp_encode-w1280-h720-q42-s6-t1-i1-o-,/home/simone/Documenti/video-compression-latency-benchmarks/3_benchmarks/src/libwebp/cmake-build-debug/libwebp_decode-t1-i1-o-
1280x720,43,6,0,4:2:0,10,0.1054824,0.001879,0.000000,0.004549,0.000004,0.000000,54.746,32.891868591308594,0.9099921584129333,/home/simone/Documenti/video-compression-latency-benchmarks/3_benchmarks/src/libwebp/cmake-build-debug/libwebp_encode-w1280-h720-q43-s6-t0-i1-o-,/home/simone/Documenti/video-compression-latency-benchmarks/3_benchmarks/src/libwebp/cmake-build-debug/libwebp_decode-t0-i1-o-
1280x720,43,6,1,4:2:0,10,0.1060268,0.001872,0.000000,0.0050769000000000005,0.000006,0.000000,54.746,32.891868591308594,0.9099921584129333,/home/simone/Documenti/video-compression-latency-benchmarks/3_benchmarks/src/libwebp/cmake-build-debug/libwebp_encode-w1280-h720-q43-s6-t1-i1-o-,/home/simone/Documenti/video-compression-latency-benchmarks/3_benchmarks/src/libwebp/cmake-build-debug/libwebp_decode-t1-i1-o-
1280x720,44,6,0,4:2:0,10,0.10580439999999999,0.001875,0.000001,0.0045934999999999995,0.000004,0.000000,55.298,32.954856872558594,0.9108299016952515,/home/simone/Documenti/video-compression-latency-benchmarks/3_benchmarks/src/libwebp/cmake-build-debug/libwebp_encode-w1280-h720-q44-s6-t0-i1-o-,/home/simone/Documenti/video-compression-latency-benchmarks/3_benchmarks/src/libwebp/cmake-build-debug/libwebp_decode-t0-i1-o-
1280x720,44,6,1,4:2:0,10,0.10607819999999998,0.001891,0.000000,0.0051159000000000005,0.000005,0.000000,55.298,32.954856872558594,0.9108299016952515,/home/simone/Documenti/video-compression-latency-benchmarks/3_benchmarks/src/libwebp/cmake-build-debug/libwebp_encode-w1280-h720-q44-s6-t1-i1-o-,/home/simone/Documenti/video-compression-latency-benchmarks/3_benchmarks/src/libwebp/cmake-build-debug/libwebp_decode-t1-i1-o-
1280x720,45,6,0,4:2:0,10,0.10699209999999999,0.001880,0.000000,0.0046134,0.000004,0.000000,56.338,33.2537841796875,0.9142152667045593,/home/simone/Documenti/video-compression-latency-benchmarks/3_benchmarks/src/libwebp/cmake-build-debug/libwebp_encode-w1280-h720-q45-s6-t0-i1-o-,/home/simone/Documenti/video-compression-latency-benchmarks/3_benchmarks/src/libwebp/cmake-build-debug/libwebp_decode-t0-i1-o-
1280x720,45,6,1,4:2:0,10,0.10881400000000001,0.001919,0.000000,0.0051374,0.000004,0.000001,56.338,33.2537841796875,0.9142152667045593,/home/simone/Documenti/video-compression-latency-benchmarks/3_benchmarks/src/libwebp/cmake-build-debug/libwebp_encode-w1280-h720-q45-s6-t1-i1-o-,/home/simone/Documenti/video-compression-latency-benchmarks/3_benchmarks/src/libwebp/cmake-build-debug/libwebp_decode-t1-i1-o-
1280x720,46,6,0,4:2:0,10,0.1070789,0.001883,0.000000,0.0046376,0.000005,0.000000,56.646,33.248992919921875,0.9139564633369446,/home/simone/Documenti/video-compression-latency-benchmarks/3_benchmarks/src/libwebp/cmake-build-debug/libwebp_encode-w1280-h720-q46-s6-t0-i1-o-,/home/simone/Documenti/video-compression-latency-benchmarks/3_benchmarks/src/libwebp/cmake-build-debug/libwebp_decode-t0-i1-o-
1280x720,46,6,1,4:2:0,10,0.10730100000000001,0.001876,0.000000,0.0051468,0.000004,0.000000,56.646,33.248992919921875,0.9139564633369446,/home/simone/Documenti/video-compression-latency-benchmarks/3_benchmarks/src/libwebp/cmake-build-debug/libwebp_encode-w1280-h720-q46-s6-t1-i1-o-,/home/simone/Documenti/video-compression-latency-benchmarks/3_benchmarks/src/libwebp/cmake-build-debug/libwebp_decode-t1-i1-o-
1280x720,47,6,0,4:2:0,10,0.1071417,0.001864,0.000001,0.0046778,0.000005,0.000000,57.472,33.07062530517578,0.912977933883667,/home/simone/Documenti/video-compression-latency-benchmarks/3_benchmarks/src/libwebp/cmake-build-debug/libwebp_encode-w1280-h720-q47-s6-t0-i1-o-,/home/simone/Documenti/video-compression-latency-benchmarks/3_benchmarks/src/libwebp/cmake-build-debug/libwebp_decode-t0-i1-o-
1280x720,47,6,1,4:2:0,10,0.107168,0.001878,0.000000,0.005158,0.000005,0.000001,57.472,33.07062530517578,0.912977933883667,/home/simone/Documenti/video-compression-latency-benchmarks/3_benchmarks/src/libwebp/cmake-build-debug/libwebp_encode-w1280-h720-q47-s6-t1-i1-o-,/home/simone/Documenti/video-compression-latency-benchmarks/3_benchmarks/src/libwebp/cmake-build-debug/libwebp_decode-t1-i1-o-
1280x720,48,6,0,4:2:0,10,0.1091654,0.001878,0.000000,0.0047221,0.000005,0.000000,58.618,33.3681526184082,0.9162656664848328,/home/simone/Documenti/video-compression-latency-benchmarks/3_benchmarks/src/libwebp/cmake-build-debug/libwebp_encode-w1280-h720-q48-s6-t0-i1-o-,/home/simone/Documenti/video-compression-latency-benchmarks/3_benchmarks/src/libwebp/cmake-build-debug/libwebp_decode-t0-i1-o-
1280x720,48,6,1,4:2:0,10,0.10892109999999999,0.001870,0.000000,0.0052641,0.000005,0.000000,58.618,33.3681526184082,0.9162656664848328,/home/simone/Documenti/video-compression-latency-benchmarks/3_benchmarks/src/libwebp/cmake-build-debug/libwebp_encode-w1280-h720-q48-s6-t1-i1-o-,/home/simone/Documenti/video-compression-latency-benchmarks/3_benchmarks/src/libwebp/cmake-build-debug/libwebp_decode-t1-i1-o-
1280x720,49,6,0,4:2:0,10,0.1085424,0.001885,0.000000,0.0047131,0.000005,0.000000,58.712,33.375404357910156,0.9164600968360901,/home/simone/Documenti/video-compression-latency-benchmarks/3_benchmarks/src/libwebp/cmake-build-debug/libwebp_encode-w1280-h720-q49-s6-t0-i1-o-,/home/simone/Documenti/video-compression-latency-benchmarks/3_benchmarks/src/libwebp/cmake-build-debug/libwebp_decode-t0-i1-o-
1280x720,49,6,1,4:2:0,10,0.10909759999999999,0.001878,0.000001,0.0052807,0.000005,0.000001,58.712,33.375404357910156,0.9164600968360901,/home/simone/Documenti/video-compression-latency-benchmarks/3_benchmarks/src/libwebp/cmake-build-debug/libwebp_encode-w1280-h720-q49-s6-t1-i1-o-,/home/simone/Documenti/video-compression-latency-benchmarks/3_benchmarks/src/libwebp/cmake-build-debug/libwebp_decode-t1-i1-o-
1280x720,50,6,0,4:2:0,10,0.1090165,0.001893,0.000000,0.0047975,0.000005,0.000000,59.836,33.518619537353516,0.9186505079269409,/home/simone/Documenti/video-compression-latency-benchmarks/3_benchmarks/src/libwebp/cmake-build-debug/libwebp_encode-w1280-h720-q50-s6-t0-i1-o-,/home/simone/Documenti/video-compression-latency-benchmarks/3_benchmarks/src/libwebp/cmake-build-debug/libwebp_decode-t0-i1-o-
1280x720,50,6,1,4:2:0,10,0.10932280000000001,0.001897,0.000000,0.0051972,0.000005,0.000001,59.836,33.518619537353516,0.9186505079269409,/home/simone/Documenti/video-compression-latency-benchmarks/3_benchmarks/src/libwebp/cmake-build-debug/libwebp_encode-w1280-h720-q50-s6-t1-i1-o-,/home/simone/Documenti/video-compression-latency-benchmarks/3_benchmarks/src/libwebp/cmake-build-debug/libwebp_decode-t1-i1-o-
1280x720,51,6,0,4:2:0,10,0.1104586,0.001877,0.000001,0.0053664,0.000005,0.000000,60.54,33.58549499511719,0.9193047285079956,/home/simone/Documenti/video-compression-latency-benchmarks/3_benchmarks/src/libwebp/cmake-build-debug/libwebp_encode-w1280-h720-q51-s6-t0-i1-o-,/home/simone/Documenti/video-compression-latency-benchmarks/3_benchmarks/src/libwebp/cmake-build-debug/libwebp_decode-t0-i1-o-
1280x720,51,6,1,4:2:0,10,0.1111811,0.003129,0.000000,0.0053282,0.000005,0.000000,60.54,33.58549499511719,0.9193047285079956,/home/simone/Documenti/video-compression-latency-benchmarks/3_benchmarks/src/libwebp/cmake-build-debug/libwebp_encode-w1280-h720-q51-s6-t1-i1-o-,/home/simone/Documenti/video-compression-latency-benchmarks/3_benchmarks/src/libwebp/cmake-build-debug/libwebp_decode-t1-i1-o-
1280x720,52,6,0,4:2:0,10,0.11106730000000001,0.001868,0.000000,0.0048694,0.000005,0.000000,61.142,33.54246139526367,0.9193829894065857,/home/simone/Documenti/video-compression-latency-benchmarks/3_benchmarks/src/libwebp/cmake-build-debug/libwebp_encode-w1280-h720-q52-s6-t0-i1-o-,/home/simone/Documenti/video-compression-latency-benchmarks/3_benchmarks/src/libwebp/cmake-build-debug/libwebp_decode-t0-i1-o-
1280x720,52,6,1,4:2:0,10,0.1109265,0.001862,0.000001,0.0053428,0.000005,0.000001,61.142,33.54246139526367,0.9193829894065857,/home/simone/Documenti/video-compression-latency-benchmarks/3_benchmarks/src/libwebp/cmake-build-debug/libwebp_encode-w1280-h720-q52-s6-t1-i1-o-,/home/simone/Documenti/video-compression-latency-benchmarks/3_benchmarks/src/libwebp/cmake-build-debug/libwebp_decode-t1-i1-o-
1280x720,53,6,0,4:2:0,10,0.1115204,0.001866,0.000001,0.0048912999999999995,0.000004,0.000001,62.16,33.448612213134766,0.9184139966964722,/home/simone/Documenti/video-compression-latency-benchmarks/3_benchmarks/src/libwebp/cmake-build-debug/libwebp_encode-w1280-h720-q53-s6-t0-i1-o-,/home/simone/Documenti/video-compression-latency-benchmarks/3_benchmarks/src/libwebp/cmake-build-debug/libwebp_decode-t0-i1-o-
1280x720,53,6,1,4:2:0,10,0.1118768,0.001889,0.000000,0.0053503000000000005,0.000005,0.000000,62.16,33.448612213134766,0.9184139966964722,/home/simone/Documenti/video-compression-latency-benchmarks/3_benchmarks/src/libwebp/cmake-build-debug/libwebp_encode-w1280-h720-q53-s6-t1-i1-o-,/home/simone/Documenti/video-compression-latency-benchmarks/3_benchmarks/src/libwebp/cmake-build-debug/libwebp_decode-t1-i1-o-
1280x720,54,6,0,4:2:0,10,0.1185017,0.001881,0.000000,0.0049183,0.000005,0.000001,62.592,33.73407745361328,0.921345591545105,/home/simone/Documenti/video-compression-latency-benchmarks/3_benchmarks/src/libwebp/cmake-build-debug/libwebp_encode-w1280-h720-q54-s6-t0-i1-o-,/home/simone/Documenti/video-compression-latency-benchmarks/3_benchmarks/src/libwebp/cmake-build-debug/libwebp_decode-t0-i1-o-
1280x720,54,6,1,4:2:0,10,0.11165130000000001,0.001892,0.000000,0.0053720999999999994,0.000005,0.000000,62.592,33.73407745361328,0.921345591545105,/home/simone/Documenti/video-compression-latency-benchmarks/3_benchmarks/src/libwebp/cmake-build-debug/libwebp_encode-w1280-h720-q54-s6-t1-i1-o-,/home/simone/Documenti/video-compression-latency-benchmarks/3_benchmarks/src/libwebp/cmake-build-debug/libwebp_decode-t1-i1-o-
1280x720,55,6,0,4:2:0,10,0.11707719999999999,0.001914,0.000000,0.0049282,0.000005,0.000000,63.37,33.53440475463867,0.9193826913833618,/home/simone/Documenti/video-compression-latency-benchmarks/3_benchmarks/src/libwebp/cmake-build-debug/libwebp_encode-w1280-h720-q55-s6-t0-i1-o-,/home/simone/Documenti/video-compression-latency-benchmarks/3_benchmarks/src/libwebp/cmake-build-debug/libwebp_decode-t0-i1-o-
1280x720,55,6,1,4:2:0,10,0.1126012,0.001885,0.000000,0.0054068,0.000004,0.000000,63.37,33.53440475463867,0.9193826913833618,/home/simone/Documenti/video-compression-latency-benchmarks/3_benchmarks/src/libwebp/cmake-build-debug/libwebp_encode-w1280-h720-q55-s6-t1-i1-o-,/home/simone/Documenti/video-compression-latency-benchmarks/3_benchmarks/src/libwebp/cmake-build-debug/libwebp_decode-t1-i1-o-
1280x720,56,6,0,4:2:0,10,0.1135334,0.001873,0.000000,0.0050091,0.000005,0.000000,64.198,33.52085494995117,0.9201367497444153,/home/simone/Documenti/video-compression-latency-benchmarks/3_benchmarks/src/libwebp/cmake-build-debug/libwebp_encode-w1280-h720-q56-s6-t0-i1-o-,/home/simone/Documenti/video-compression-latency-benchmarks/3_benchmarks/src/libwebp/cmake-build-debug/libwebp_decode-t0-i1-o-
1280x720,56,6,1,4:2:0,10,0.11877580000000001,0.001910,0.000000,0.0054558,0.000005,0.000000,64.198,33.52085494995117,0.9201367497444153,/home/simone/Documenti/video-compression-latency-benchmarks/3_benchmarks/src/libwebp/cmake-build-debug/libwebp_encode-w1280-h720-q56-s6-t1-i1-o-,/home/simone/Documenti/video-compression-latency-benchmarks/3_benchmarks/src/libwebp/cmake-build-debug/libwebp_decode-t1-i1-o-
1280x720,57,6,0,4:2:0,10,0.1138924,0.001877,0.000000,0.005013999999999999,0.000005,0.000000,65.204,33.863739013671875,0.9225970506668091,/home/simone/Documenti/video-compression-latency-benchmarks/3_benchmarks/src/libwebp/cmake-build-debug/libwebp_encode-w1280-h720-q57-s6-t0-i1-o-,/home/simone/Documenti/video-compression-latency-benchmarks/3_benchmarks/src/libwebp/cmake-build-debug/libwebp_decode-t0-i1-o-
1280x720,57,6,1,4:2:0,10,0.1137003,0.001886,0.000000,0.005502,0.000005,0.000000,65.204,33.863739013671875,0.9225970506668091,/home/simone/Documenti/video-compression-latency-benchmarks/3_benchmarks/src/libwebp/cmake-build-debug/libwebp_encode-w1280-h720-q57-s6-t1-i1-o-,/home/simone/Documenti/video-compression-latency-benchmarks/3_benchmarks/src/libwebp/cmake-build-debug/libwebp_decode-t1-i1-o-
1280x720,58,6,0,4:2:0,10,0.11516249999999999,0.001880,0.000001,0.0050829,0.000004,0.000001,66.684,33.955169677734375,0.9247151613235474,/home/simone/Documenti/video-compression-latency-benchmarks/3_benchmarks/src/libwebp/cmake-build-debug/libwebp_encode-w1280-h720-q58-s6-t0-i1-o-,/home/simone/Documenti/video-compression-latency-benchmarks/3_benchmarks/src/libwebp/cmake-build-debug/libwebp_decode-t0-i1-o-
1280x720,58,6,1,4:2:0,10,0.11526130000000001,0.001898,0.000000,0.005541,0.000004,0.000000,66.684,33.955169677734375,0.9247151613235474,/home/simone/Documenti/video-compression-latency-benchmarks/3_benchmarks/src/libwebp/cmake-build-debug/libwebp_encode-w1280-h720-q58-s6-t1-i1-o-,/home/simone/Documenti/video-compression-latency-benchmarks/3_benchmarks/src/libwebp/cmake-build-debug/libwebp_decode-t1-i1-o-
1280x720,59,6,0,4:2:0,10,0.11503680000000001,0.001901,0.000000,0.0051009,0.000004,0.000000,67.078,33.782127380371094,0.9230248332023621,/home/simone/Documenti/video-compression-latency-benchmarks/3_benchmarks/src/libwebp/cmake-build-debug/libwebp_encode-w1280-h720-q59-s6-t0-i1-o-,/home/simone/Documenti/video-compression-latency-benchmarks/3_benchmarks/src/libwebp/cmake-build-debug/libwebp_decode-t0-i1-o-
1280x720,59,6,1,4:2:0,10,0.11533089999999999,0.001872,0.000000,0.0055885,0.000004,0.000000,67.078,33.782127380371094,0.9230248332023621,/home/simone/Documenti/video-compression-latency-benchmarks/3_benchmarks/src/libwebp/cmake-build-debug/libwebp_encode-w1280-h720-q59-s6-t1-i1-o-,/home/simone/Documenti/video-compression-latency-benchmarks/3_benchmarks/src/libwebp/cmake-build-debug/libwebp_decode-t1-i1-o-
1280x720,60,6,0,4:2:0,10,0.11800930000000001,0.001891,0.000000,0.005146400000000001,0.000005,0.000000,68.4,33.99884033203125,0.9255072474479675,/home/simone/Documenti/video-compression-latency-benchmarks/3_benchmarks/src/libwebp/cmake-build-debug/libwebp_encode-w1280-h720-q60-s6-t0-i1-o-,/home/simone/Documenti/video-compression-latency-benchmarks/3_benchmarks/src/libwebp/cmake-build-debug/libwebp_decode-t0-i1-o-
1280x720,60,6,1,4:2:0,10,0.1161918,0.001913,0.000000,0.0055734,0.000004,0.000001,68.4,33.99884033203125,0.9255072474479675,/home/simone/Documenti/video-compression-latency-benchmarks/3_benchmarks/src/libwebp/cmake-build-debug/libwebp_encode-w1280-h720-q60-s6-t1-i1-o-,/home/simone/Documenti/video-compression-latency-benchmarks/3_benchmarks/src/libwebp/cmake-build-debug/libwebp_decode-t1-i1-o-
1280x720,61,6,0,4:2:0,10,0.11607350000000001,0.001871,0.000000,0.0051592,0.000004,0.000000,68.532,34.08740997314453,0.9263148903846741,/home/simone/Documenti/video-compression-latency-benchmarks/3_benchmarks/src/libwebp/cmake-build-debug/libwebp_encode-w1280-h720-q61-s6-t0-i1-o-,/home/simone/Documenti/video-compression-latency-benchmarks/3_benchmarks/src/libwebp/cmake-build-debug/libwebp_decode-t0-i1-o-
1280x720,61,6,1,4:2:0,10,0.1160539,0.001880,0.000001,0.0056168,0.000004,0.000000,68.532,34.08740997314453,0.9263148903846741,/home/simone/Documenti/video-compression-latency-benchmarks/3_benchmarks/src/libwebp/cmake-build-debug/libwebp_encode-w1280-h720-q61-s6-t1-i1-o-,/home/simone/Documenti/video-compression-latency-benchmarks/3_benchmarks/src/libwebp/cmake-build-debug/libwebp_decode-t1-i1-o-
1280x720,62,6,0,4:2:0,10,0.1169376,0.001870,0.000000,0.0052203,0.000005,0.000000,69.906,34.177852630615234,0.9272317290306091,/home/simone/Documenti/video-compression-latency-benchmarks/3_benchmarks/src/libwebp/cmake-build-debug/libwebp_encode-w1280-h720-q62-s6-t0-i1-o-,/home/simone/Documenti/video-compression-latency-benchmarks/3_benchmarks/src/libwebp/cmake-build-debug/libwebp_decode-t0-i1-o-
1280x720,62,6,1,4:2:0,10,0.11874849999999999,0.001889,0.000000,0.0056292,0.000004,0.000000,69.906,34.177852630615234,0.9272317290306091,/home/simone/Documenti/video-compression-latency-benchmarks/3_benchmarks/src/libwebp/cmake-build-debug/libwebp_encode-w1280-h720-q62-s6-t1-i1-o-,/home/simone/Documenti/video-compression-latency-benchmarks/3_benchmarks/src/libwebp/cmake-build-debug/libwebp_decode-t1-i1-o-
1280x720,63,6,0,4:2:0,10,0.1174825,0.001871,0.000001,0.0052438,0.000009,0.000001,70.438,34.2690544128418,0.929116427898407,/home/simone/Documenti/video-compression-latency-benchmarks/3_benchmarks/src/libwebp/cmake-build-debug/libwebp_encode-w1280-h720-q63-s6-t0-i1-o-,/home/simone/Documenti/video-compression-latency-benchmarks/3_benchmarks/src/libwebp/cmake-build-debug/libwebp_decode-t0-i1-o-
1280x720,63,6,1,4:2:0,10,0.11778839999999999,0.001872,0.000000,0.0056896,0.000005,0.000000,70.438,34.2690544128418,0.929116427898407,/home/simone/Documenti/video-compression-latency-benchmarks/3_benchmarks/src/libwebp/cmake-build-debug/libwebp_encode-w1280-h720-q63-s6-t1-i1-o-,/home/simone/Documenti/video-compression-latency-benchmarks/3_benchmarks/src/libwebp/cmake-build-debug/libwebp_decode-t1-i1-o-
1280x720,64,6,0,4:2:0,10,0.1177428,0.001884,0.000000,0.0052788,0.000005,0.000000,71.29,34.2752685546875,0.9287530779838562,/home/simone/Documenti/video-compression-latency-benchmarks/3_benchmarks/src/libwebp/cmake-build-debug/libwebp_encode-w1280-h720-q64-s6-t0-i1-o-,/home/simone/Documenti/video-compression-latency-benchmarks/3_benchmarks/src/libwebp/cmake-build-debug/libwebp_decode-t0-i1-o-
1280x720,64,6,1,4:2:0,10,0.11945220000000001,0.001895,0.000000,0.0057494,0.000006,0.000000,71.29,34.2752685546875,0.9287530779838562,/home/simone/Documenti/video-compression-latency-benchmarks/3_benchmarks/src/libwebp/cmake-build-debug/libwebp_encode-w1280-h720-q64-s6-t1-i1-o-,/home/simone/Documenti/video-compression-latency-benchmarks/3_benchmarks/src/libwebp/cmake-build-debug/libwebp_decode-t1-i1-o-
1280x720,65,6,0,4:2:0,10,0.1186566,0.001871,0.000001,0.0053361,0.000005,0.000001,72.536,34.374820709228516,0.9301892518997192,/home/simone/Documenti/video-compression-latency-benchmarks/3_benchmarks/src/libwebp/cmake-build-debug/libwebp_encode-w1280-h720-q65-s6-t0-i1-o-,/home/simone/Documenti/video-compression-latency-benchmarks/3_benchmarks/src/libwebp/cmake-build-debug/libwebp_decode-t0-i1-o-
1280x720,65,6,1,4:2:0,10,0.1187115,0.001881,0.000000,0.0058087,0.000006,0.000001,72.536,34.374820709228516,0.9301892518997192,/home/simone/Documenti/video-compression-latency-benchmarks/3_benchmarks/src/libwebp/cmake-build-debug/libwebp_encode-w1280-h720-q65-s6-t1-i1-o-,/home/simone/Documenti/video-compression-latency-benchmarks/3_benchmarks/src/libwebp/cmake-build-debug/libwebp_decode-t1-i1-o-
1280x720,66,6,0,4:2:0,10,0.1199782,0.001893,0.000000,0.005375,0.000003,0.000000,73.724,34.408905029296875,0.9302606582641602,/home/simone/Documenti/video-compression-latency-benchmarks/3_benchmarks/src/libwebp/cmake-build-debug/libwebp_encode-w1280-h720-q66-s6-t0-i1-o-,/home/simone/Documenti/video-compression-latency-benchmarks/3_benchmarks/src/libwebp/cmake-build-debug/libwebp_decode-t0-i1-o-
1280x720,66,6,1,4:2:0,10,0.120057,0.001880,0.000000,0.0058445,0.000004,0.000000,73.724,34.408905029296875,0.9302606582641602,/home/simone/Documenti/video-compression-latency-benchmarks/3_benchmarks/src/libwebp/cmake-build-debug/libwebp_encode-w1280-h720-q66-s6-t1-i1-o-,/home/simone/Documenti/video-compression-latency-benchmarks/3_benchmarks/src/libwebp/cmake-build-debug/libwebp_decode-t1-i1-o-
1280x720,67,6,0,4:2:0,10,0.12263949999999998,0.001903,0.000001,0.0054312,0.000005,0.000000,74.71,34.46304702758789,0.9311535954475403,/home/simone/Documenti/video-compression-latency-benchmarks/3_benchmarks/src/libwebp/cmake-build-debug/libwebp_encode-w1280-h720-q67-s6-t0-i1-o-,/home/simone/Documenti/video-compression-latency-benchmarks/3_benchmarks/src/libwebp/cmake-build-debug/libwebp_decode-t0-i1-o-
1280x720,67,6,1,4:2:0,10,0.12061599999999999,0.001881,0.000000,0.0058687,0.000004,0.000000,74.71,34.46304702758789,0.9311535954475403,/home/simone/Documenti/video-compression-latency-benchmarks/3_benchmarks/src/libwebp/cmake-build-debug/libwebp_encode-w1280-h720-q67-s6-t1-i1-o-,/home/simone/Documenti/video-compression-latency-benchmarks/3_benchmarks/src/libwebp/cmake-build-debug/libwebp_decode-t1-i1-o-
1280x720,68,6,0,4:2:0,10,0.1202882,0.001923,0.000000,0.0054482,0.000005,0.000000,75.158,34.51167297363281,0.9317543506622314,/home/simone/Documenti/video-compression-latency-benchmarks/3_benchmarks/src/libwebp/cmake-build-debug/libwebp_encode-w1280-h720-q68-s6-t0-i1-o-,/home/simone/Documenti/video-compression-latency-benchmarks/3_benchmarks/src/libwebp/cmake-build-debug/libwebp_decode-t0-i1-o-
1280x720,68,6,1,4:2:0,10,0.1204108,0.001875,0.000000,0.0059616,0.000004,0.000000,75.158,34.51167297363281,0.9317543506622314,/home/simone/Documenti/video-compression-latency-benchmarks/3_benchmarks/src/libwebp/cmake-build-debug/libwebp_encode-w1280-h720-q68-s6-t1-i1-o-,/home/simone/Documenti/video-compression-latency-benchmarks/3_benchmarks/src/libwebp/cmake-build-debug/libwebp_decode-t1-i1-o-
1280x720,69,6,0,4:2:0,10,0.1224373,0.001878,0.000001,0.0054563,0.000004,0.000000,75.656,34.59349822998047,0.9328287839889526,/home/simone/Documenti/video-compression-latency-benchmarks/3_benchmarks/src/libwebp/cmake-build-debug/libwebp_encode-w1280-h720-q69-s6-t0-i1-o-,/home/simone/Documenti/video-compression-latency-benchmarks/3_benchmarks/src/libwebp/cmake-build-debug/libwebp_decode-t0-i1-o-
1280x720,69,6,1,4:2:0,10,0.12046110000000002,0.001877,0.000001,0.0060479,0.000004,0.000001,75.656,34.59349822998047,0.9328287839889526,/home/simone/Documenti/video-compression-latency-benchmarks/3_benchmarks/src/libwebp/cmake-build-debug/libwebp_encode-w1280-h720-q69-s6-t1-i1-o-,/home/simone/Documenti/video-compression-latency-benchmarks/3_benchmarks/src/libwebp/cmake-build-debug/libwebp_decode-t1-i1-o-
1280x720,70,6,0,4:2:0,10,0.123001,0.001913,0.000000,0.0056057,0.000005,0.000000,78.158,34.66594696044922,0.9333908557891846,/home/simone/Documenti/video-compression-latency-benchmarks/3_benchmarks/src/libwebp/cmake-build-debug/libwebp_encode-w1280-h720-q70-s6-t0-i1-o-,/home/simone/Documenti/video-compression-latency-benchmarks/3_benchmarks/src/libwebp/cmake-build-debug/libwebp_decode-t0-i1-o-
1280x720,70,6,1,4:2:0,10,0.12305790000000001,0.001884,0.000000,0.0060276999999999996,0.000005,0.000001,78.158,34.66594696044922,0.9333908557891846,/home/simone/Documenti/video-compression-latency-benchmarks/3_benchmarks/src/libwebp/cmake-build-debug/libwebp_encode-w1280-h720-q70-s6-t1-i1-o-,/home/simone/Documenti/video-compression-latency-benchmarks/3_benchmarks/src/libwebp/cmake-build-debug/libwebp_decode-t1-i1-o-
1280x720,71,6,0,4:2:0,10,0.12312050000000001,0.001887,0.000001,0.0055619,0.000005,0.000001,78.246,34.70441818237305,0.9339545965194702,/home/simone/Documenti/video-compression-latency-benchmarks/3_benchmarks/src/libwebp/cmake-build-debug/libwebp_encode-w1280-h720-q71-s6-t0-i1-o-,/home/simone/Documenti/video-compression-latency-benchmarks/3_benchmarks/src/libwebp/cmake-build-debug/libwebp_decode-t0-i1-o-
1280x720,71,6,1,4:2:0,10,0.1232299,0.001873,0.000000,0.0060102,0.000004,0.000000,78.246,34.70441818237305,0.9339545965194702,/home/simone/Documenti/video-compression-latency-benchmarks/3_benchmarks/src/libwebp/cmake-build-debug/libwebp_encode-w1280-h720-q71-s6-t1-i1-o-,/home/simone/Documenti/video-compression-latency-benchmarks/3_benchmarks/src/libwebp/cmake-build-debug/libwebp_decode-t1-i1-o-
1280x720,72,6,0,4:2:0,10,0.1239709,0.001876,0.000001,0.0056768,0.000004,0.000000,80.654,34.838436126708984,0.9355777502059937,/home/simone/Documenti/video-compression-latency-benchmarks/3_benchmarks/src/libwebp/cmake-build-debug/libwebp_encode-w1280-h720-q72-s6-t0-i1-o-,/home/simone/Documenti/video-compression-latency-benchmarks/3_benchmarks/src/libwebp/cmake-build-debug/libwebp_decode-t0-i1-o-
1280x720,72,6,1,4:2:0,10,0.1239946,0.001880,0.000000,0.0061034999999999996,0.000004,0.000001,80.654,34.838436126708984,0.9355777502059937,/home/simone/Documenti/video-compression-latency-benchmarks/3_benchmarks/src/libwebp/cmake-build-debug/libwebp_encode-w1280-h720-q72-s6-t1-i1-o-,/home/simone/Documenti/video-compression-latency-benchmarks/3_benchmarks/src/libwebp/cmake-build-debug/libwebp_decode-t1-i1-o-
1280x720,73,6,0,4:2:0,10,0.12400649999999999,0.001915,0.000000,0.0056752,0.000004,0.000001,80.654,34.838436126708984,0.9355777502059937,/home/simone/Documenti/video-compression-latency-benchmarks/3_benchmarks/src/libwebp/cmake-build-debug/libwebp_encode-w1280-h720-q73-s6-t0-i1-o-,/home/simone/Documenti/video-compression-latency-benchmarks/3_benchmarks/src/libwebp/cmake-build-debug/libwebp_decode-t0-i1-o-
1280x720,73,6,1,4:2:0,10,0.1247154,0.001885,0.000001,0.0084239,0.000008,0.000001,80.654,34.838436126708984,0.9355777502059937,/home/simone/Documenti/video-compression-latency-benchmarks/3_benchmarks/src/libwebp/cmake-build-debug/libwebp_encode-w1280-h720-q73-s6-t1-i1-o-,/home/simone/Documenti/video-compression-latency-benchmarks/3_benchmarks/src/libwebp/cmake-build-debug/libwebp_decode-t1-i1-o-
1280x720,74,6,0,4:2:0,10,0.1253572,0.001906,0.000001,0.005724,0.000005,0.000001,81.966,34.95635986328125,0.9371183514595032,/home/simone/Documenti/video-compression-latency-benchmarks/3_benchmarks/src/libwebp/cmake-build-debug/libwebp_encode-w1280-h720-q74-s6-t0-i1-o-,/home/simone/Documenti/video-compression-latency-benchmarks/3_benchmarks/src/libwebp/cmake-build-debug/libwebp_decode-t0-i1-o-
1280x720,74,6,1,4:2:0,10,0.1264654,0.001895,0.000000,0.0061129999999999995,0.000004,0.000001,81.966,34.95635986328125,0.9371183514595032,/home/simone/Documenti/video-compression-latency-benchmarks/3_benchmarks/src/libwebp/cmake-build-debug/libwebp_encode-w1280-h720-q74-s6-t1-i1-o-,/home/simone/Documenti/video-compression-latency-benchmarks/3_benchmarks/src/libwebp/cmake-build-debug/libwebp_decode-t1-i1-o-
1280x720,75,6,0,4:2:0,10,0.12662009999999999,0.001889,0.000001,0.0057698,0.000005,0.000000,82.918,34.8675537109375,0.9362524151802063,/home/simone/Documenti/video-compression-latency-benchmarks/3_benchmarks/src/libwebp/cmake-build-debug/libwebp_encode-w1280-h720-q75-s6-t0-i1-o-,/home/simone/Documenti/video-compression-latency-benchmarks/3_benchmarks/src/libwebp/cmake-build-debug/libwebp_decode-t0-i1-o-
1280x720,75,6,1,4:2:0,10,0.1268496,0.001884,0.000000,0.0062496999999999995,0.000004,0.000000,82.918,34.8675537109375,0.9362524151802063,/home/simone/Documenti/video-compression-latency-benchmarks/3_benchmarks/src/libwebp/cmake-build-debug/libwebp_encode-w1280-h720-q75-s6-t1-i1-o-,/home/simone/Documenti/video-compression-latency-benchmarks/3_benchmarks/src/libwebp/cmake-build-debug/libwebp_decode-t1-i1-o-
1280x720,76,6,0,4:2:0,10,0.1306163,0.001903,0.000001,0.0059564,0.000004,0.000000,87.368,35.20066833496094,0.9397960305213928,/home/simone/Documenti/video-compression-latency-benchmarks/3_benchmarks/src/libwebp/cmake-build-debug/libwebp_encode-w1280-h720-q76-s6-t0-i1-o-,/home/simone/Documenti/video-compression-latency-benchmarks/3_benchmarks/src/libwebp/cmake-build-debug/libwebp_decode-t0-i1-o-
1280x720,76,6,1,4:2:0,10,0.129617,0.001878,0.000001,0.0063947000000000006,0.000004,0.000000,87.368,35.20066833496094,0.9397960305213928,/home/simone/Documenti/video-compression-latency-benchmarks/3_benchmarks/src/libwebp/cmake-build-debug/libwebp_encode-w1280-h720-q76-s6-t1-i1-o-,/home/simone/Documenti/video-compression-latency-benchmarks/3_benchmarks/src/libwebp/cmake-build-debug/libwebp_decode-t1-i1-o-
1280x720,77,6,0,4:2:0,10,0.13065359999999998,0.001885,0.000001,0.0060911,0.000004,0.000000,90.66,35.37246322631836,0.9417679905891418,/home/simone/Documenti/video-compression-latency-benchmarks/3_benchmarks/src/libwebp/cmake-build-debug/libwebp_encode-w1280-h720-q77-s6-t0-i1-o-,/home/simone/Documenti/video-compression-latency-benchmarks/3_benchmarks/src/libwebp/cmake-build-debug/libwebp_decode-t0-i1-o-
1280x720,77,6,1,4:2:0,10,0.1306823,0.001887,0.000000,0.0065796,0.000004,0.000000,90.66,35.37246322631836,0.9417679905891418,/home/simone/Documenti/video-compression-latency-benchmarks/3_benchmarks/src/libwebp/cmake-build-debug/libwebp_encode-w1280-h720-q77-s6-t1-i1-o-,/home/simone/Documenti/video-compression-latency-benchmarks/3_benchmarks/src/libwebp/cmake-build-debug/libwebp_decode-t1-i1-o-
1280x720,78,6,0,4:2:0,10,0.1325422,0.001869,0.000000,0.0062378,0.000004,0.000000,93.92,35.515235900878906,0.9433863162994385,/home/simone/Documenti/video-compression-latency-benchmarks/3_benchmarks/src/libwebp/cmake-build-debug/libwebp_encode-w1280-h720-q78-s6-t0-i1-o-,/home/simone/Documenti/video-compression-latency-benchmarks/3_benchmarks/src/libwebp/cmake-build-debug/libwebp_decode-t0-i1-o-
1280x720,78,6,1,4:2:0,10,0.1327297,0.001868,0.000000,0.0067274,0.000005,0.000000,93.92,35.515235900878906,0.9433863162994385,/home/simone/Documenti/video-compression-latency-benchmarks/3_benchmarks/src/libwebp/cmake-build-debug/libwebp_encode-w1280-h720-q78-s6-t1-i1-o-,/home/simone/Documenti/video-compression-latency-benchmarks/3_benchmarks/src/libwebp/cmake-build-debug/libwebp_decode-t1-i1-o-
1280x720,79,6,0,4:2:0,10,0.13530910000000002,0.001870,0.000001,0.0064291,0.000005,0.000001,98.052,35.706295013427734,0.945403516292572,/home/simone/Documenti/video-compression-latency-benchmarks/3_benchmarks/src/libwebp/cmake-build-debug/libwebp_encode-w1280-h720-q79-s6-t0-i1-o-,/home/simone/Documenti/video-compression-latency-benchmarks/3_benchmarks/src/libwebp/cmake-build-debug/libwebp_decode-t0-i1-o-
1280x720,79,6,1,4:2:0,10,0.13480799999999998,0.001877,0.000000,0.006888099999999999,0.000004,0.000001,98.052,35.706295013427734,0.945403516292572,/home/simone/Documenti/video-compression-latency-benchmarks/3_benchmarks/src/libwebp/cmake-build-debug/libwebp_encode-w1280-h720-q79-s6-t1-i1-o-,/home/simone/Documenti/video-compression-latency-benchmarks/3_benchmarks/src/libwebp/cmake-build-debug/libwebp_decode-t1-i1-o-
1280x720,80,6,0,4:2:0,10,0.13736969999999998,0.001876,0.000000,0.0066947000000000005,0.000004,0.000001,103.088,35.9227409362793,0.9476650953292847,/home/simone/Documenti/video-compression-latency-benchmarks/3_benchmarks/src/libwebp/cmake-build-debug/libwebp_encode-w1280-h720-q80-s6-t0-i1-o-,/home/simone/Documenti/video-compression-latency-benchmarks/3_benchmarks/src/libwebp/cmake-build-debug/libwebp_decode-t0-i1-o-
1280x720,80,6,1,4:2:0,10,0.1377473,0.001871,0.000000,0.0070737,0.000004,0.000000,103.088,35.9227409362793,0.9476650953292847,/home/simone/Documenti/video-compression-latency-benchmarks/3_benchmarks/src/libwebp/cmake-build-debug/libwebp_encode-w1280-h720-q80-s6-t1-i1-o-,/home/simone/Documenti/video-compression-latency-benchmarks/3_benchmarks/src/libwebp/cmake-build-debug/libwebp_decode-t1-i1-o-
1280x720,81,6,0,4:2:0,10,0.1421253,0.001889,0.000001,0.006787799999999999,0.000005,0.000000,107.856,36.072471618652344,0.9493299722671509,/home/simone/Documenti/video-compression-latency-benchmarks/3_benchmarks/src/libwebp/cmake-build-debug/libwebp_encode-w1280-h720-q81-s6-t0-i1-o-,/home/simone/Documenti/video-compression-latency-benchmarks/3_benchmarks/src/libwebp/cmake-build-debug/libwebp_decode-t0-i1-o-
1280x720,81,6,1,4:2:0,10,0.1420816,0.001870,0.000000,0.0072905999999999995,0.000004,0.000001,107.856,36.072471618652344,0.9493299722671509,/home/simone/Documenti/video-compression-latency-benchmarks/3_benchmarks/src/libwebp/cmake-build-debug/libwebp_encode-w1280-h720-q81-s6-t1-i1-o-,/home/simone/Documenti/video-compression-latency-benchmarks/3_benchmarks/src/libwebp/cmake-build-debug/libwebp_decode-t1-i1-o-
1280x720,82,6,0,4:2:0,10,0.1417843,0.001884,0.000000,0.0069589,0.000004,0.000000,112.122,36.22602081298828,0.950498104095459,/home/simone/Documenti/video-compression-latency-benchmarks/3_benchmarks/src/libwebp/cmake-build-debug/libwebp_encode-w1280-h720-q82-s6-t0-i1-o-,/home/simone/Documenti/video-compression-latency-benchmarks/3_benchmarks/src/libwebp/cmake-build-debug/libwebp_decode-t0-i1-o-
1280x720,82,6,1,4:2:0,10,0.1420164,0.001867,0.000000,0.0074565000000000005,0.000004,0.000000,112.122,36.22602081298828,0.950498104095459,/home/simone/Documenti/video-compression-latency-benchmarks/3_benchmarks/src/libwebp/cmake-build-debug/libwebp_encode-w1280-h720-q82-s6-t1-i1-o-,/home/simone/Documenti/video-compression-latency-benchmarks/3_benchmarks/src/libwebp/cmake-build-debug/libwebp_decode-t1-i1-o-
1280x720,83,6,0,4:2:0,10,0.1502832,0.001989,0.000000,0.0071825,0.000004,0.000000,117.358,36.4129753112793,0.9524178504943848,/home/simone/Documenti/video-compression-latency-benchmarks/3_benchmarks/src/libwebp/cmake-build-debug/libwebp_encode-w1280-h720-q83-s6-t0-i1-o-,/home/simone/Documenti/video-compression-latency-benchmarks/3_benchmarks/src/libwebp/cmake-build-debug/libwebp_decode-t0-i1-o-
1280x720,83,6,1,4:2:0,10,0.1500805,0.001876,0.000001,0.0076891,0.000004,0.000001,117.358,36.4129753112793,0.9524178504943848,/home/simone/Documenti/video-compression-latency-benchmarks/3_benchmarks/src/libwebp/cmake-build-debug/libwebp_encode-w1280-h720-q83-s6-t1-i1-o-,/home/simone/Documenti/video-compression-latency-benchmarks/3_benchmarks/src/libwebp/cmake-build-debug/libwebp_decode-t1-i1-o-
1280x720,84,6,0,4:2:0,10,0.1498788,0.001887,0.000000,0.007387,0.000004,0.000000,122.73,36.486576080322266,0.9526785612106323,/home/simone/Documenti/video-compression-latency-benchmarks/3_benchmarks/src/libwebp/cmake-build-debug/libwebp_encode-w1280-h720-q84-s6-t0-i1-o-,/home/simone/Documenti/video-compression-latency-benchmarks/3_benchmarks/src/libwebp/cmake-build-debug/libwebp_decode-t0-i1-o-
1280x720,84,6,1,4:2:0,10,0.14925839999999999,0.001882,0.000000,0.0079707,0.000005,0.000000,122.73,36.486576080322266,0.9526785612106323,/home/simone/Documenti/video-compression-latency-benchmarks/3_benchmarks/src/libwebp/cmake-build-debug/libwebp_encode-w1280-h720-q84-s6-t1-i1-o-,/home/simone/Documenti/video-compression-latency-benchmarks/3_benchmarks/src/libwebp/cmake-build-debug/libwebp_decode-t1-i1-o-
1280x720,85,6,0,4:2:0,10,0.1539317,0.001872,0.000000,0.0077875,0.000005,0.000000,132.4,36.88740539550781,0.9567037224769592,/home/simone/Documenti/video-compression-latency-benchmarks/3_benchmarks/src/libwebp/cmake-build-debug/libwebp_encode-w1280-h720-q85-s6-t0-i1-o-,/home/simone/Documenti/video-compression-latency-benchmarks/3_benchmarks/src/libwebp/cmake-build-debug/libwebp_decode-t0-i1-o-
1280x720,85,6,1,4:2:0,10,0.1539781,0.001879,0.000000,0.008293,0.000004,0.000001,132.4,36.88740539550781,0.9567037224769592,/home/simone/Documenti/video-compression-latency-benchmarks/3_benchmarks/src/libwebp/cmake-build-debug/libwebp_encode-w1280-h720-q85-s6-t1-i1-o-,/home/simone/Documenti/video-compression-latency-benchmarks/3_benchmarks/src/libwebp/cmake-build-debug/libwebp_decode-t1-i1-o-
1280x720,86,6,0,4:2:0,10,0.1580546,0.001876,0.000000,0.0081057,0.000004,0.000000,140.702,37.24814224243164,0.9604918360710144,/home/simone/Documenti/video-compression-latency-benchmarks/3_benchmarks/src/libwebp/cmake-build-debug/libwebp_encode-w1280-h720-q86-s6-t0-i1-o-,/home/simone/Documenti/video-compression-latency-benchmarks/3_benchmarks/src/libwebp/cmake-build-debug/libwebp_decode-t0-i1-o-
1280x720,86,6,1,4:2:0,10,0.1585539,0.001882,0.000001,0.00856,0.000005,0.000000,140.702,37.24814224243164,0.9604918360710144,/home/simone/Documenti/video-compression-latency-benchmarks/3_benchmarks/src/libwebp/cmake-build-debug/libwebp_encode-w1280-h720-q86-s6-t1-i1-o-,/home/simone/Documenti/video-compression-latency-benchmarks/3_benchmarks/src/libwebp/cmake-build-debug/libwebp_decode-t1-i1-o-
1280x720,87,6,0,4:2:0,10,0.164518,0.001883,0.000000,0.008444,0.000005,0.000000,149.182,37.31696701049805,0.9613114595413208,/home/simone/Documenti/video-compression-latency-benchmarks/3_benchmarks/src/libwebp/cmake-build-debug/libwebp_encode-w1280-h720-q87-s6-t0-i1-o-,/home/simone/Documenti/video-compression-latency-benchmarks/3_benchmarks/src/libwebp/cmake-build-debug/libwebp_decode-t0-i1-o-
1280x720,87,6,1,4:2:0,10,0.1644929,0.001877,0.000000,0.0089008,0.000006,0.000000,149.182,37.31696701049805,0.9613114595413208,/home/simone/Documenti/video-compression-latency-benchmarks/3_benchmarks/src/libwebp/cmake-build-debug/libwebp_encode-w1280-h720-q87-s6-t1-i1-o-,/home/simone/Documenti/video-compression-latency-benchmarks/3_benchmarks/src/libwebp/cmake-build-debug/libwebp_decode-t1-i1-o-
1280x720,88,6,0,4:2:0,10,0.1671119,0.001878,0.000001,0.0086984,0.000005,0.000001,156.12,37.59722900390625,0.9629620909690857,/home/simone/Documenti/video-compression-latency-benchmarks/3_benchmarks/src/libwebp/cmake-build-debug/libwebp_encode-w1280-h720-q88-s6-t0-i1-o-,/home/simone/Documenti/video-compression-latency-benchmarks/3_benchmarks/src/libwebp/cmake-build-debug/libwebp_decode-t0-i1-o-
1280x720,88,6,1,4:2:0,10,0.16720649999999998,0.001874,0.000000,0.0092196,0.000005,0.000000,156.12,37.59722900390625,0.9629620909690857,/home/simone/Documenti/video-compression-latency-benchmarks/3_benchmarks/src/libwebp/cmake-build-debug/libwebp_encode-w1280-h720-q88-s6-t1-i1-o-,/home/simone/Documenti/video-compression-latency-benchmarks/3_benchmarks/src/libwebp/cmake-build-debug/libwebp_decode-t1-i1-o-
1280x720,89,6,0,4:2:0,10,0.1679377,0.001879,0.000001,0.0090321,0.000005,0.000000,165.064,37.82073974609375,0.9649760127067566,/home/simone/Documenti/video-compression-latency-benchmarks/3_benchmarks/src/libwebp/cmake-build-debug/libwebp_encode-w1280-h720-q89-s6-t0-i1-o-,/home/simone/Documenti/video-compression-latency-benchmarks/3_benchmarks/src/libwebp/cmake-build-debug/libwebp_decode-t0-i1-o-
1280x720,89,6,1,4:2:0,10,0.1688137,0.001875,0.000000,0.0094719,0.000005,0.000000,165.064,37.82073974609375,0.9649760127067566,/home/simone/Documenti/video-compression-latency-benchmarks/3_benchmarks/src/libwebp/cmake-build-debug/libwebp_encode-w1280-h720-q89-s6-t1-i1-o-,/home/simone/Documenti/video-compression-latency-benchmarks/3_benchmarks/src/libwebp/cmake-build-debug/libwebp_decode-t1-i1-o-
1280x720,90,6,0,4:2:0,10,0.1783256,0.001886,0.000000,0.009652299999999999,0.000005,0.000000,180.524,38.14345932006836,0.9674524664878845,/home/simone/Documenti/video-compression-latency-benchmarks/3_benchmarks/src/libwebp/cmake-build-debug/libwebp_encode-w1280-h720-q90-s6-t0-i1-o-,/home/simone/Documenti/video-compression-latency-benchmarks/3_benchmarks/src/libwebp/cmake-build-debug/libwebp_decode-t0-i1-o-
1280x720,90,6,1,4:2:0,10,0.180092,0.001895,0.000000,0.0101133,0.000004,0.000001,180.524,38.14345932006836,0.9674524664878845,/home/simone/Documenti/video-compression-latency-benchmarks/3_benchmarks/src/libwebp/cmake-build-debug/libwebp_encode-w1280-h720-q90-s6-t1-i1-o-,/home/simone/Documenti/video-compression-latency-benchmarks/3_benchmarks/src/libwebp/cmake-build-debug/libwebp_decode-t1-i1-o-
1280x720,91,6,0,4:2:0,10,0.1811015,0.001867,0.000001,0.0101934,0.000005,0.000000,194.638,38.3962287902832,0.9691591858863831,/home/simone/Documenti/video-compression-latency-benchmarks/3_benchmarks/src/libwebp/cmake-build-debug/libwebp_encode-w1280-h720-q91-s6-t0-i1-o-,/home/simone/Documenti/video-compression-latency-benchmarks/3_benchmarks/src/libwebp/cmake-build-debug/libwebp_decode-t0-i1-o-
1280x720,91,6,1,4:2:0,10,0.1789625,0.001890,0.000000,0.010622,0.000007,0.000000,194.638,38.3962287902832,0.9691591858863831,/home/simone/Documenti/video-compression-latency-benchmarks/3_benchmarks/src/libwebp/cmake-build-debug/libwebp_encode-w1280-h720-q91-s6-t1-i1-o-,/home/simone/Documenti/video-compression-latency-benchmarks/3_benchmarks/src/libwebp/cmake-build-debug/libwebp_decode-t1-i1-o-
1280x720,92,6,0,4:2:0,10,0.19167700000000001,0.001889,0.000000,0.0106625,0.000005,0.000001,213.142,38.69534683227539,0.9719788432121277,/home/simone/Documenti/video-compression-latency-benchmarks/3_benchmarks/src/libwebp/cmake-build-debug/libwebp_encode-w1280-h720-q92-s6-t0-i1-o-,/home/simone/Documenti/video-compression-latency-benchmarks/3_benchmarks/src/libwebp/cmake-build-debug/libwebp_decode-t0-i1-o-
1280x720,92,6,1,4:2:0,10,0.1922531,0.001868,0.000000,0.011176700000000001,0.000005,0.000000,213.142,38.69534683227539,0.9719788432121277,/home/simone/Documenti/video-compression-latency-benchmarks/3_benchmarks/src/libwebp/cmake-build-debug/libwebp_encode-w1280-h720-q92-s6-t1-i1-o-,/home/simone/Documenti/video-compression-latency-benchmarks/3_benchmarks/src/libwebp/cmake-build-debug/libwebp_decode-t1-i1-o-
1280x720,93,6,0,4:2:0,10,0.19287939999999998,0.001881,0.000001,0.0107892,0.000006,0.000001,226.026,38.87461471557617,0.9725064635276794,/home/simone/Documenti/video-compression-latency-benchmarks/3_benchmarks/src/libwebp/cmake-build-debug/libwebp_encode-w1280-h720-q93-s6-t0-i1-o-,/home/simone/Documenti/video-compression-latency-benchmarks/3_benchmarks/src/libwebp/cmake-build-debug/libwebp_decode-t0-i1-o-
1280x720,93,6,1,4:2:0,10,0.1917969,0.001879,0.000000,0.0111865,0.000006,0.000000,226.026,38.87461471557617,0.9725064635276794,/home/simone/Documenti/video-compression-latency-benchmarks/3_benchmarks/src/libwebp/cmake-build-debug/libwebp_encode-w1280-h720-q93-s6-t1-i1-o-,/home/simone/Documenti/video-compression-latency-benchmarks/3_benchmarks/src/libwebp/cmake-build-debug/libwebp_decode-t1-i1-o-
1280x720,94,6,0,4:2:0,10,0.20594510000000002,0.001885,0.000000,0.0117755,0.000004,0.000000,253.464,39.24039077758789,0.9747164249420166,/home/simone/Documenti/video-compression-latency-benchmarks/3_benchmarks/src/libwebp/cmake-build-debug/libwebp_encode-w1280-h720-q94-s6-t0-i1-o-,/home/simone/Documenti/video-compression-latency-benchmarks/3_benchmarks/src/libwebp/cmake-build-debug/libwebp_decode-t0-i1-o-
1280x720,94,6,1,4:2:0,10,0.2042532,0.001894,0.000000,0.0121185,0.000004,0.000000,253.464,39.24039077758789,0.9747164249420166,/home/simone/Documenti/video-compression-latency-benchmarks/3_benchmarks/src/libwebp/cmake-build-debug/libwebp_encode-w1280-h720-q94-s6-t1-i1-o-,/home/simone/Documenti/video-compression-latency-benchmarks/3_benchmarks/src/libwebp/cmake-build-debug/libwebp_decode-t1-i1-o-
1280x720,95,6,0,4:2:0,10,0.2150981,0.001883,0.000000,0.012837200000000002,0.000005,0.000001,278.546,39.517723083496094,0.9764834046363831,/home/simone/Documenti/video-compression-latency-benchmarks/3_benchmarks/src/libwebp/cmake-build-debug/libwebp_encode-w1280-h720-q95-s6-t0-i1-o-,/home/simone/Documenti/video-compression-latency-benchmarks/3_benchmarks/src/libwebp/cmake-build-debug/libwebp_decode-t0-i1-o-
1280x720,95,6,1,4:2:0,10,0.2149556,0.001935,0.000000,0.0131132,0.000007,0.000000,278.546,39.517723083496094,0.9764834046363831,/home/simone/Documenti/video-compression-latency-benchmarks/3_benchmarks/src/libwebp/cmake-build-debug/libwebp_encode-w1280-h720-q95-s6-t1-i1-o-,/home/simone/Documenti/video-compression-latency-benchmarks/3_benchmarks/src/libwebp/cmake-build-debug/libwebp_decode-t1-i1-o-
1280x720,96,6,0,4:2:0,10,0.2204695,0.001926,0.000001,0.0138378,0.000006,0.000000,298.934,39.764244079589844,0.9781351685523987,/home/simone/Documenti/video-compression-latency-benchmarks/3_benchmarks/src/libwebp/cmake-build-debug/libwebp_encode-w1280-h720-q96-s6-t0-i1-o-,/home/simone/Documenti/video-compression-latency-benchmarks/3_benchmarks/src/libwebp/cmake-build-debug/libwebp_decode-t0-i1-o-
1280x720,96,6,1,4:2:0,10,0.22306659999999998,0.001907,0.000000,0.0142068,0.000006,0.000000,298.934,39.764244079589844,0.9781351685523987,/home/simone/Documenti/video-compression-latency-benchmarks/3_benchmarks/src/libwebp/cmake-build-debug/libwebp_encode-w1280-h720-q96-s6-t1-i1-o-,/home/simone/Documenti/video-compression-latency-benchmarks/3_benchmarks/src/libwebp/cmake-build-debug/libwebp_decode-t1-i1-o-
1280x720,97,6,0,4:2:0,10,0.220417,0.001885,0.000000,0.013966500000000001,0.000005,0.000000,311.794,39.893978118896484,0.9786161780357361,/home/simone/Documenti/video-compression-latency-benchmarks/3_benchmarks/src/libwebp/cmake-build-debug/libwebp_encode-w1280-h720-q97-s6-t0-i1-o-,/home/simone/Documenti/video-compression-latency-benchmarks/3_benchmarks/src/libwebp/cmake-build-debug/libwebp_decode-t0-i1-o-
1280x720,97,6,1,4:2:0,10,0.2207465,0.001899,0.000000,0.014397499999999999,0.000005,0.000001,311.794,39.893978118896484,0.9786161780357361,/home/simone/Documenti/video-compression-latency-benchmarks/3_benchmarks/src/libwebp/cmake-build-debug/libwebp_encode-w1280-h720-q97-s6-t1-i1-o-,/home/simone/Documenti/video-compression-latency-benchmarks/3_benchmarks/src/libwebp/cmake-build-debug/libwebp_decode-t1-i1-o-
1280x720,98,6,0,4:2:0,10,0.2407451,0.001962,0.000000,0.0168464,0.000007,0.000001,339.78,40.0180778503418,0.9795196056365967,/home/simone/Documenti/video-compression-latency-benchmarks/3_benchmarks/src/libwebp/cmake-build-debug/libwebp_encode-w1280-h720-q98-s6-t0-i1-o-,/home/simone/Documenti/video-compression-latency-benchmarks/3_benchmarks/src/libwebp/cmake-build-debug/libwebp_decode-t0-i1-o-
1280x720,98,6,1,4:2:0,10,0.24429150000000002,0.002154,0.000000,0.0155228,0.000005,0.000000,339.78,40.0180778503418,0.9795196056365967,/home/simone/Documenti/video-compression-latency-benchmarks/3_benchmarks/src/libwebp/cmake-build-debug/libwebp_encode-w1280-h720-q98-s6-t1-i1-o-,/home/simone/Documenti/video-compression-latency-benchmarks/3_benchmarks/src/libwebp/cmake-build-debug/libwebp_decode-t1-i1-o-
1280x720,99,6,0,4:2:0,10,0.2594634,0.001905,0.000000,0.0162299,0.000005,0.000001,367.358,40.116722106933594,0.9804110527038574,/home/simone/Documenti/video-compression-latency-benchmarks/3_benchmarks/src/libwebp/cmake-build-debug/libwebp_encode-w1280-h720-q99-s6-t0-i1-o-,/home/simone/Documenti/video-compression-latency-benchmarks/3_benchmarks/src/libwebp/cmake-build-debug/libwebp_decode-t0-i1-o-
1280x720,99,6,1,4:2:0,10,0.2605677,0.001898,0.000001,0.016867899999999998,0.000005,0.000000,367.358,40.116722106933594,0.9804110527038574,/home/simone/Documenti/video-compression-latency-benchmarks/3_benchmarks/src/libwebp/cmake-build-debug/libwebp_encode-w1280-h720-q99-s6-t1-i1-o-,/home/simone/Documenti/video-compression-latency-benchmarks/3_benchmarks/src/libwebp/cmake-build-debug/libwebp_decode-t1-i1-o-
1280x720,100,6,0,4:2:0,10,0.2615048,0.001890,0.000001,0.0164266,0.000006,0.000001,372.328,40.141639709472656,0.9804521203041077,/home/simone/Documenti/video-compression-latency-benchmarks/3_benchmarks/src/libwebp/cmake-build-debug/libwebp_encode-w1280-h720-q100-s6-t0-i1-o-,/home/simone/Documenti/video-compression-latency-benchmarks/3_benchmarks/src/libwebp/cmake-build-debug/libwebp_decode-t0-i1-o-
1280x720,100,6,1,4:2:0,10,0.2619959,0.001887,0.000000,0.0175655,0.000004,0.000000,372.328,40.141639709472656,0.9804521203041077,/home/simone/Documenti/video-compression-latency-benchmarks/3_benchmarks/src/libwebp/cmake-build-debug/libwebp_encode-w1280-h720-q100-s6-t1-i1-o-,/home/simone/Documenti/video-compression-latency-benchmarks/3_benchmarks/src/libwebp/cmake-build-debug/libwebp_decode-t1-i1-o-
